01-NA-000289,UNIV. OF THE EAST (E/HS)-KALOOKAN,ARR,Samson rd.,"Samson Rd., Kalookan City", ,,
01-NF-000114/01-NF-000115,HOLY TRINITY ACADEMY (E/HS),ARR,"Calabash Rd.,","Balic-Balic, Sampaloc, Manila",,Manila,MAPSA
01-NF-000364/01-NF-000365,UNIV. OF THE EAST (E/HS),ARR,C. M. Recto Avenue,"C.M. Recto Ave., Manila", ,,
01-NN-000355,JUBILEE CHRISTIAN ACADEMY,ARR,16 F. Manalo St. (F. Manalo Gate),"Cubao, Quezon City", , ,
01-NA-000056,ESCUELA DE SOPHIA OF CALOOCAN,ARR,"B-31 L-1&2 Narra St., Ph.II,","Rainbow Vill.,Bagumbong,Kalookan City", , ,
01-NF-000321/01-NF-000322,ST. SCHOLASTICA'S COLLEGE (E/HS),ARR,"Leon Guinto Street,","Malate, Manila",OSB,,
01-NA-000262,ST. JOSEPH COLL. OF KALOOKAN,ARR,"Rainbow Village V, Congressional Vill.,","Novaliches, Kalookan City", , ,
01-NF-000069,DON BOSCO SCHOOL OF STA. MESA,ARR,#3500 V. Mapa St. Extension,"Sta. Mesa, Manila",FMA ,,
01-NF-000243,PHIL. CULTURAL HIGH SCHOOL-TONDO,ARR,"#1253 Jose Abad Santos St.,","Tondo, Manila", , ,
01-NA-000206,PHIL. CULTURAL HIGH SCHOOL E/H-KALOOKAN,ARR,# 175 8th Avenue Extension,"Grace Park, Kalookan City", , ,
01-NF-000323/01-NF-000324,ST. STEPHEN'S HIGH SCHOOL (E/HS),ARR,"G. Masangkay St.,","Sta. Cruz, Manila", , ,
01-NF-000366,UNO HIGH SCHOOL  (E/HS),ARR,"#1259 Mayhaligue St.,","Tondo, Manila", , ,
01-NF-000280/01-NF-000281,SAN SEBASTIAN COLLEGE (E/HS),ARR,C. M. Recto Avenue,"C.M. Recto Ave., Manila",,,
01-NN-000753/01-NN-000754,STELLA MARIS COLLEGE (E/HS),ARR,Cambridge Street,"Cubao, Quezon City",FMM,,
01-NF-000205,NAZARETH SCHOOL,ARR,(Formerly Nazareth School),"272 Plaza Sta. Teresita,Sampaloc, Manila",FI,,
01-NA-000157/01-NA-000158,MANILA CENTRAL UNIVERSITY (E/HS),ARR,EDSA,Kalookan City, ,,
01-NA-000100,HOLY REDEEMER SCHOOL (E/HS),ARR,"Lot 7, Franville Subdivision","Camarin, Kalookan City", , ,
01-NF-000300,ST. JOSEPH SCHOOL OF TONDO,ARR,"Juan Luna St.,","Gagalangin, Tondo, Manila", ,,MAPSA
01-NQ-000112,ST. MICHAEL SCHOOL OF CANUMAY,ARR,"Pia Donesa St.,","Bo. Canumay, Valenzuela City", , ,VALAPSA
01-NF-000262,REGINA APOSTOLORUM ACADEMY,ARR,"4700 Valenzuela St.,","Sta. Mesa, Manila", , ,
01-NF-000111,HOLY HEART CHRISTIAN ACADEMY,ARR,"1307 Diokno St., cor","Batangas St.,Sta. Cruz, Manila", , ,
01-NA-000057,ESCUELA SAN GABRIEL DE ARCHANGEL,ARR,"P 9 Pkg. 6, Blk.12 Lot 1","Bagong Silang, Kalookan City", , ,
01-ND-000077,ST. THERESE OF THE CHILD JESUS,ARR,"#22 Adante St., Tañong,","Malabon, Metro Manila", ,,
01-NF-000200,NATIONAL HIGH SCHOOL,ARR,"551 Jocson St.,","Sampaloc, Manila", , ,
01-NA-000011/01-NA-000012,BAESA ADVENTIST ACADEMY (E/HS),ARR,"#8 Baesa Road,",Kaloocan City,SDA - NCR, ,SDA
01-ND-000031,HIGHER GROUND BAPTIST ACAD. FDT. INC.,ARR,"(INT'L BAPTIST ACAD.)#6 Ma. Clara St.,","Acacia Rd.,Malabon, Metro Manila", , ,
01-NA-000069,GENESIS CHRISTIAN ACAD.-BAGONG SILANG,ARR,"Ph. 9, Package 5, Blk 50 Lot 789,","Bagong Silang, Kalookan City", , ,
01-NA-000124,KALOOKAN BETHEL CHRISTIAN SCH.,ARR,504 A. mabini st.,"504 A. Mabini St., Kalookan City", , ,
01-NF-000327,ST. VINCENT LEARNING CTR-SANCHOPANZA,ARR,"536 Sanchopanza St.,","Sampaloc, Manila", , ,
01-NA-000325,NEWLAND CENTER FOR EDUCATION,ARR,"633 La Fortaleza Subd. Camarin,",Caloocan City,,,
01-NA-000245,ST. ANDREW SCHOOL-KALOOKAN (E/H),ARR,"Ninang Virginia, B.F. Homes","Novaliches, Kalookan City", , ,
01-NA-000292,MASTER HANDS LEARNING SCHOOL,ARR,"200 3-C A. Mabini St.,","Maypajo, Kalookan City", , ,
01-NF-000325,ST. VINCENT BLESSED SCHOOL OF MANILA,ARR,"732 Instruccion St.,","Sampaloc, Manila", , ,
01-NF-000284,SHILOH CHRISTIAN ACADEMY,ARR,"C-2 Capulong cor J.P. Rizal Sts.,","Tondo, Manila", , ,
01-NF-000279,SAN RAFAEL PAROCHIAL SCHOOL,ARR,"177 Taliba St., San Rafael Village,","Balut, Tondo, Manila",,Manila,MAPSA
01-NA-000274,ST. THERESE OF AVILA ACADEMY,ARR," B-7 L-1 Ph. 4, Tierra Nova Royal,","Bagumbong, Kalookan City", , ,
01-NA-000208,PLEDGE OF LOVE SCHOOL,ARR,"244 Kabutuhan Rd.,","Deparo, Kalookan City", , ,
01-ND-000001,ACADEMIA DE SAN NICOLAS (ERG),ARR,(Frmly ERG Memorial College),"28 Leano St., Tanong, Malabon, MM", , ,
01-NA-000032,CASA DE SOLEIL CHILD DEV'T CENTER,ARR,"175 Velasco Ext.,","Sangandaan, Kalookan City", , ,
01-NN-000315,IMM. MOTHER SCHOOL-COMMONWEALTH,ARR,# 872 St. Joseph StreetC,"Commonwealth Ave., Quezon City",,,
01-NA-000314,ST. CATHERINE OF SIENA ACADEMY OF NOVA,ARR,"BLK. 22 LOT 33, DOLMAR GOLDEN HILLS","LLANO, CALOOCAN CITY", , ,
01-NF-000344,THE LORD IS MY SHEPHERD LRNG. CTR.,ARR,"2361-B Juan Luna St.,","Gagalangin, Tondo, Manila", , ,
01-NF-000077,EMILIO AGUINALDO EDUC'L CORP. BOOKSTORE,ARR,"1113-1117 San Marcelino St.,","Ermita, Manila", ,,
01-NF-000389,EMILIO AGUINALDO COLLEGE,ARR,"UN Ave. Ermita, Manila",Manila,,,
01-NF-000348/01-NF-000349,TIONG SE ACADEMY  (E),ARR,"708 Sta. Elena St.,","Binondo, Manila", , ,
01-NF-000229/01-NF-000230,PACO CITIZEN ACADEMY (E/HS),ARR,646-650 Paz St.,"Paco, Manila", , ,
01-NA-000243,SILVER LINKS SCHOOL,ARR,"378 Gen. Luis St.,","Novaliches, Kalookan City", , ,
01-NA-000081,GRACELAND CHRISTIAN COLLEGE,ARR,"165 Deparo Rd.,",Kalookan City, , ,
01-NF-000313,ST. PAUL GRADE SCHOOL,ARR,"#1232 Sta. Maria St.,","Tondo, Manila", ,,
01-NA-000110,IMM. MOTHER ACADEMY-CLAMOR BAGOMBONG,ARR,Clamor Compound,"Bagombong, Kalookan City", , ,
01-NA-000113,INSTITUTO DE STO. NINO,ARR,"(Frmly Sto. Nino L.C.)117  Drexel St.,","Univ. Hills Subd., Kalookan City", , ,
01-NF-000358/01-NF-000359,UNIV. OF MANILA (E/HS),ARR,"M. Delos Santos St.,","Sampaloc, Manila", , ,
01-NA-000271,ST. RAPHAELA MARY SCHOOL,ARR,"(Frmly St. Paul Sch.)#63 Road 7,","GSIS Hills,Nova. Kalookan City", , ,
01-NN-000071,BOOK CENTER (OLLSN-HPTC),ARR,c/o Our Lady of Lourdes School,"Zabarte Subd., Novaliches, QC", , ,
01-ND-000075,ST. MICHAEL LRNG. CTR.-POTRERO,ARR,"32-B. Bagong Lote, (inside of Araneta","U. Village) Potrero, Malabon, M.M.", , ,
01-NA-000296,"CHRIST JEROSS CHRISTIAN ACADEMY, INC.",ARR,Phase 10A Pkg1 Blk 4 Lot6-11,"Bagong Silang, Caloocan City", , ,
01-NF-000045,CHRISTIAN ACADEMY OF MANILA,ARR,3041 Nagtahan St. ,"#3041 Nagtahan St., Manila", , ,
01-NI-000003,DAANGHARI ADVENTIST ELEM. SCH.,ARR,"516 Gov. A. Pascual Ave.,","Navotas, Metro Manila",SDA - NCR, ,SDA
01-NF-000316,ST. PIUS X PAROCHIAL SCHOOL(E/H),ARR,"7th St., cor Neptune St.,","Onyx Ave., Paco, Manila", ,Manila,MAPSA
01-NN-000128,COMMONWEALTH ADV. ELEM. SCHOOL,ARR,"1119 IBI Rd., Commonwealth","near Batasan Hills, Quezon City",SDA - NCR, ,SDA
01-NA-000302,GATE OF HEAVEN ACADEMY,ARR,"B-8 L-1 Phase I,","Senate Village, Caloocan City", , ,
01-NN-000506/01-NN-000507,NEW JERUSALEM SCHOOL (E/HS),ARR,"#37 D. Tuazon Ave.,",Quezon City, , ,
01-NF-000051,COL. DE STA. ROSA (E/HS),ARR,"Sto. Domingo St.,","Intramuros, Manila",AR,,
01-NN-000048,BENEDICTINE INTERNATIONAL SCHOOL,ARR,"(Fmrly Benedictine Abby)Manotoc Drive,","Capitol Hills, Diliman, Q.C.", , ,
01-NN-000017,BENEDICTINE INTERNATIONAL SCHOOL,ARR,"(Fmrly Benedictine Abby)Manotoc Drive,","Capitol Hills, Diliman, Q.C.",,,
01-NF-000241,PHIL. CHUNG HUA SCHOOL,ARR,"#3217 Reposo St., Old","Sta. Mesa, Manila", , ,
01-DD-000322,HILLTOP SDA ELEMENTARY SCHOOL,ARR,"Tartaria,","Silang, Cavite",SDA - NCR, ,SDA
01-CG-000109,NATIVIDAD ADVENTIST ELEM. SCH.,ARR,"Natividad,","Guagua, Pampanga",SDA - NCR, ,SDA
01-NF-000282,SCOULLA SORELLI FADILI (STA. CHIARA),ARR,"(Sta. Chiara Pre-sch)-23 Silencio St.,","Bry Santolan,Sta. Mesa, Mla (SM Ctrpoint", , ,
01-DA-000005,BALER ADVENTIST ELEM. SCHOOL,ARR,"Quezon St.,","Baler, Aurora",SDA - NCR, ,SDA
01-NF-000251,PHIL. SUK KUANG INSTITUTE,ARR,"1019 G. Masangkay St.,","Binondo, Manila", , ,
01-NF-000384,OUR LADY OF DIVINE GRACE SCHOOL DE MLA.,ARR,949/959 Basilion ST.,"Sampaloc, Manila",,,
01-NF-000037,CENTRAL METHODIST EDUC'L CENTER,ARR,Kalaw St.,"Taft Ave., Manila", , ,
01-ND-000065,S.M.E. CHILD DEV'T CENTER,ARR,"#92 M.H. del Pilar St.,","Tenejeros, Malabon, Metro Manila", , ,
01-NN-000456,MAYFIELD ACADEMY,ARR,(formerly:Mayfield Acad.)26 Malingap St.,"Teacher's Village, Quezon City", , ,
01-NF-000008,ALTURA N & K LEARNING CENTER,ARR,"#629 Altura St.,","Sta. Mesa, Manila", , ,
01-NF-000110,HOLY FAMILY PAROCHIAL SCHOOL,ARR,"Estrada St.,cor Chromlum St.,","San Andres Bukid, Manila", ,Manila,MAPSA
01-NN-000358,KARIS CHRISTIAN ACADEMY-BAESA,ARR,"Sitio Pajo, Mendez Street","Baesa, Quezon City", , ,
01-NF-000335,STARKIDS LEARNING CENTER,ARR,"507 Bulacan St.,","Gagalangin, Tondo, Manila", , ,
01-NF-000176,MANILA CHRISTIAN DAY SCHOOL,ARR,# 3975 R. Magsaysay Blvd.,"Sta. Mesa, Manila", , ,
01-NN-000287,HOLY ANGELS MONTESSORI SCHOOL,ARR,# 83 Legazpi Street,"Project 4, Quezon City", , ,
01-NF-000053,COLL. OF THE HOLY SPIRIT (HS),ARR,"163 Mendiola St.,","San Miguel, Manila",SSpS,,
01-DA-000010,CASIGURAN ADVENTIST ELEM. SCHOOL,ARR,Baler-Casiguran Rd. Poblacion,"Casiguran, Aurora", , ,SDA
01-NN-000739,ST. THERESE OF THE CHILD JESUS-PROJ. 4,ARR,# 64 Legazpi Street,"Project 4, Quezon City", , ,
01-NF-000252,PHIL. SUN YAT SEN SCHOOL,ARR,#938 Zacateros Street,"Sta. Cruz, Manila", , ,
01-NA-000313,OUR LADY OF PIAT ACADEMY OF CALOOCAN,ARR,,,,,
01-DD-000497,MAGALLANES ADVENTIST ELEM. SCH.,ARR,San Isidro,"Magallanes, Cavite",SDA - NCR, ,SDA
01-NA-000311,LA MARIAL  CHILD DEVELOPMENT CENTER,ARR,"6048 Area D. Camarin II, Brgy. 177",Caloocan City, , ,
01-NA-000324,MARTINEZ INSTITUTE OF BASIC EDUCATION,ARR,"198 A. Mabini St. Magpajo,",Caloocan City,,,
01-NA-000108/01-NA-000109,IMELDA SDA ELEMENTARY SCHOOL (PE/E),ARR,Tieremas Street,"East Bagong Bo., Kalookan City",SDA - NCR, ,SDA
01-ND-000090,"LEARNING JOURNEY CHILD GROWTH CENTER,INC",ARR,"23 Commercio St., Tugatog",Malabon City, , ,
01-CC-000031,BOCAUE ADVENTIST ELEM. SCHOOL,ARR,"P. Gomez St., Bagumbayan,","Bocaue, Bulacan",SDA - NCR, ,
01-NA-000259,ST. JOHN LOUISE BEGINNERS LRNG. CTR.,ARR,"Blk 1 L0t 123, Cabatuhan Rd.,","Deparo, Kalookan City", , ,
01-NA-000305,"RHEXANE ACADEMY, INC.",ARR,"PH. V A, Pkg1, BLK28, LT18 D.","Bagong Silang, Caloocan City", , ,
01-NA-000125,KALOOKAN EVANGELICAL SCHOOL,ARR,"47 P. Zamora St.,",Kalookan City, , ,
01-NA-000229,SALVATION ARMY - KALOOKAN,ARR,"Cor. Langaray St., C-3","Dagat-Dagatan Ave., Kalookan City", , ,
01-NA-000323,MOTHER TERESA PREPARATORY:AN ENGLISH SCH,ARR,"B4 Lot24 Jasmin Villa Magdalena 3,",Caloocan City,,,
01-NA-000123,KALOOKAN ADVENTIST ELEM. SCHOOL,ARR,"16 Chicago St.,","UE Hills Subd., Kalookan City", , ,SDA
01-NA-000322,CAMPBELL ACADEMY,ARR,"888 Park Avenue, Midway Subdivision.,",Caloocan City,,,
01-CB-000020,DINALUPIHAN ADVENTISTY ELEMENTATY SCHOOL,ARR,,,SDA - NCR, ,
01-ND-000008,BRIGHT BEGINNING CTR. FOR YOUNG CHILDREN,ARR,"4 Zinc St.,","Tugatog, Malabon, Metro Manila", , ,
01-NF-000095,GLORIA DEI CHRISTIAN SCHOOL,ARR,# 4461 Old Sta. Mesa Street,"Sta. Mesa, Manila", , ,
01-ND-000081,TUGATOG LEARNING CENTER,ARR,"Progreso St., Tugatog","Malabon, Metro Manila", , ,
01-NN-000876,PAIL AND SHOVEL INTEGRATED SCHOOL,ARR,,,,,
01-NF-000375,YOUNG RAC HIGH SCHOOL,ARR,4427 Old sta. Mesa,"4427 Old Sta. Mesa, Manila", , ,
01-CE-000071,SINIPIT ADVENTIST SCHOOL,ARR,"bRGY. Sinipit,","Cabiao, Nueva Ecija", , ,
01-CA-000004,ANGELES ADVENTIST ELEM. SCH.,ARR,"Manuel L. Quezon St.,","Brgy. C.M. Recto, Angeles City",SDA - NCR, ,SDA
01-CC-000293,MEYCAUAYAN ADVENTIST ELEM.SCH.,ARR,"Malhacan St.,","Meycauayan, Bulacan",SDA - NCR, ,SDA
01-CE-000006,CABIAO ADVENTIST ELEM. SCHOOL,ARR,"San Roque, Cabiao,",Nueva Ecija,SDA - NCR, ,SDA
01-DD-000934,SILANG ADVENTIST ELEMENTARY SCHOOL,ARR,"Tubuan,","Silang, Cavite", , ,SDA
01-CH-000107,TARLAC ADVENTIST ELEM. SCHOOL,ARR,"Lazatin Subd.,","Tarlac, Tarlac City",SDA - NCR, ,SDA
01-NA-000156,MANDEX TUTORIAL LEARNING CENTER,ARR,"3459 Purok 4, San Isidro Area D,","Camarin, Kalookan City", , ,
01-NF-000006,AIM CHRISTIAN LEARNING CENTER,ARR,"507 F.T. Dalupan St.,","Sampaloc, Manila", , ,
01-NF-000161,LITTLE LIGHT LEARNING CTR-STA. ANA,ARR,frmrly:Little Light Learning Center,"2981 F. Manalo St.Punta,Sta. Ana, Manila", , ,
01-NN-000590,QUEZON CITY SDA ELEMENTARY SCH,ARR,"99 Nicanor Ramirez St.,","Galas, Quezon City",SDA - NCR, ,SDA
01-CB-000087,TALINMUNDOK ADVENTIST ELEMENTARY SCHOOL,ARR,"Talimundoc,","Orani, Bataan", , , 
01-CC-000278,MALOLOS ADVENTIST ELEM. SCHOOL,ARR,3 Sabitan St. Santo Rosario ,"Malolos, Bulacan",SDA - NCR, ,SDA
01-NF-000264,RICHFIELD MONTESSORI,ARR,"3341 R. Magsaysay Blvd.,","Sta. Mesa, Manila", , ,
01-NN-000103,CHILDREN OF MARY IMMACULATE L.C.,ARR,"56 Simoun St.,","Sta. Mesa Heights, Quezon City", , ,
01-CC-000297,MEYSULAO ADVENTIST ELEM. SCHOOL,ARR,"Meysulao,","Calumpit, Bulacan",SDA - NCR, ,SDA
01-NN-000427,MANILA CENTER ADVENTIST SCH.-Q.C.,ARR,D. Tuazon Cor,"Quezon Ave., Quezon City",SDA - NCR, ,SDA
01-CE-000021,GAPAN ADVENTIST ELEMENTARY SCHOOL,ARR,,,SDA - NCR, , 
01-NA-000287,"BREA JAMES ACADEME, INC.",ARR,,, , ,
01-NA-000321,BURNING TORCH CHRISTIAN ACADEMY,ARR,"B10,Lot 38, Calacuchi St.",Caloocan City,,,
01-NF-000175,MANILA CENTRAL ADVENTIST ELEM. SCH.-MLA.,ARR,"2215-17 Severino Reyes St.,","Sta. Cruz, Manila",SDA - NCR,,SDA
01-NF-000382,CLG CHRISTIAN FAMILY LEARNING  CENTER,ARR,1868-A J. Fajardo St.,"Sampaloc, Manila", , ,
01-CD-000005,CABANATUAN ADVENTIST ELEM. SCHOOL,ARR,Bantug Norte,Cabanatuan City,SDA - NCR, ,SDA
01-NF-000094,GILDEL CHILD DEV'T CENTER,ARR,"2141 P. Varona St.,","Tondo, Manila", , ,
01-CC-000331,NORZAGARAY ADVENTIST ELEM. SCHOOL,ARR,P. dela Merced St. Bayumbong Poblacion,"Norzagaray, Bulacan",SDA - NCR, ,SDA
01-NF-000332,STA. MESA DIVINE FAITH ACADEMY,ARR,"3360 Lubiran St.,","Bacood, Sta. Mesa, Manila", , ,
01-ND-000015,CHRISTIAN ACADEMY OF MALABON,ARR,Blk 50 Area 1 E2 Maya-Maya St.,"Kaunlaran Village, Malabon City", , ,
01-DA-000011,DINALUNGAN ADV.MULTIGRADE SCH.,ARR,,"Dinalungan, Aurora", , ,SDA
01-NF-000270,SAMANTABHADRA INSTITUTE (E/HS),ARR,"1141 Batangas St., near","Abad Santos St., Tondo, Manila", , ,
01-NN-000643,SOBREPEÑA PRE-SCHOOL,ARR,"# 8 La Trinidad St., New Manila,",Q.C. (back of Trinity College Q.C.), , ,
01-NF-000361,"FIVE ""J"" LEARNING CENTER",ARR,,, , ,
01-NA-000273,ST. SEALTIEL LEARNING CENTER,ARR,"4 Purification St.,","Marcela, Kalookan City", , ,
01-CG-000172,STA. CATALINA ADVENTIST ELEM. SCHOOL,ARR,"Sta. Catalina,","San Luis, Pampanga",SDA - NCR, ,SDA
01-NA-000308,NBS TUTORIAL LEARNING CENTER,ARR,,, , ,
01-NF-000390,CARITAS FAMILY COLLEGE,ARR,1452 Lacson St. Manila,(near SM San Lazaro),,,
01-NF-000249/01-NF-000250,PHIL. SCHOLASTIC ACADEMY (E/HS),ARR,"# 1050 Castillejos St.,","Quiapo, Manila", , ,
01-CF-000017,OLONGAPO ADVENTIST ELEM. SCHOOL,ARR,"#14 26th St.,","Olongapo City, Zambales",SDA - NCR, ,SDA
01-DM-000023,DILASAG ADVENTIST ELEM. SCH.,ARR,"Dilasag,","Aurora, Quezon",SDA - NCR, ,SDA
01-NA-000277,STO. NINO PARISH L.C.-KALOOKAN,ARR,"Phase I, Package I, Sto. Nino Church,","Bagong Silang, Kalookan City", , ,
01-NF-000340,SYSTEM TECHNOLOGY INST.(P)-STA. MESA,ARR,"Magsaysay Blvd.,","cor. Santol St., Sta. Mesa, Manila", ,,
01-NA-000192,OHANA CHILD LEARNING CENTER,ARR,"45 Dagat-Dagatan Ave.,",Caloocan City, , ,
01-NA-000079,GRACE LEARNING CENTER-10TH AVE,ARR,"350 East Baltazar Ext.,","10th Avenue, Kalookan City", , ,
01-NF-000261,REGGIO DE SAN JOSE LEARNING CENTER,ARR,"2215 Road 4, Fabi Estate,","Sta. Ana, Manila", , ,
01-NA-000129,KIDS TREASURE LEARNING CENTER,ARR,"1619 cor. 11th Ave.,","Gracepark, Kalookan City", , ,
01-NF-000381,ST. EUPHRASIA LEARNING CENTER,ARR,2nd St. Isip Bldg. Kabie Estate Subd.,"Paco, Manila", , ,
01-NF-000121,IEMELIF LEARNING CENTER-MANILA,ARR,"3659 R. Magsaysay Blvd.,","Sta. Mesa, Manila", , ,
01-NF-000383,RURAL IMPROVEMENT CLUB CHILDREN CENTER,ARR,,, , ,
01-NF-000385,ALEXINE LEARNING CENTER,ARR,,, , , 
01-NA-000126,KARIS CHRISTIAN ACADEMY,ARR,"Phase II, Package I, Block 5","Bagong Silang, Kalookan City", , ,
01-NN-000098,CHILD BASIC STUDY CENTER,ARR,"#348 P. Tuazon Blvd.,","Project 4, Quezon City",,,
01-NA-000066,FUTURE ONES LEARNING CENTER,ARR,"116-A P. Zamora St.,",Caloocan City, , ,
01-NF-000388,BRIGHT COMPUTER LEARNING CENTER,ARR,"2514 AJ.Posadas St.,Punta,","Sta. Ana, Manila",,,
01-NF-000112,HOLY ROSARY KIDDIE PRE-SCHOOL,ARR,,,,,
01-BC-000004,ADVENTIST UNIV. OF THE PHILS.(E),ARR,"(Formerly Phil. Union College), Mabini","Alicia, Isabela", , , 
01-NP-000138,INTEGRATED MONTESSORI SCH. FORT BONI,BAU,"L19 Blk 86, Bayani Rd.,","Fort Bonifacio, Taguig, M.M.", , ,
01-NL-000002,"ADT MONTESSORI SCHOOL, INC.",BAU,"#499 Capinpin St.,","Manggahan, Pasig City", , ,PAPRISA
01-NN-000589,QUEZON CITY SCI. HS-MULTI-PURPOSE COOP.,BAU,"Golden Acres Rd., cor Misamis St.,","Bago Bantay, Quezon City", , ,
01-NN-000124,COL. DE SAN BARTOLOME DE NOVA,BAU,Km. 16 Quirino Hiway,"San Bartolome, Novaliches, QC", ,Novaliches,MAPSA
01-NN-000206,FALCON LEARNING CENTER,BAU,"Dahlia Ave., Fairview Park Subd.,","West Fairview, Quezon City", , ,
01-NN-000789,THE SEED MONTESSORI SCHOOL,BAU,"#4 Samonte St., Capitol District,","Diliman, Quezon City", , ,
01-NC-000060,PINESLIGHT SCHOOL OF MAKATI,BAU,"8229 Sgt. Yabut cor Dapitan st.,","Guadalupe Nuevo, Makati City", , ,
01-NN-000697,ST. JOHN OF BEVERLEY,BAU,"749 Quirino Hiway, San Bartolome,","Novaliches, Quezon City", , ,
01-NL-000032,ESCUELA DE STO. ROSARIO,BAU,"97 Dr. Sixto Antonio Ave.,","Rosario, Pasig City", , ,PAPRISA
01-NN-000171,DIVINE GRACE SCHOOL-NOVA.,BAU,"Ilang-Ilang St., Maligaya Park Subd.,","Novaliches, Quezon City", , ,
01-NE-000018,GOOD SHEPHERED CHRISTIAN SCH.,BAU,"#71 I. Lopez St.,",Mandaluyong City, , ,
01-NL-000085,PASIG CHRISTIAN ACADEMY,BAU,#198 D. Antonio Avenue,"Caniogan, Pasig City", , ,PAPRISA
01-NN-000081,CAPITOL HILLS CHRISTIAN SCHOOL,BAU,"Filinvest II Rd.,","Batasan Hills, Quezon City", , ,
01-NN-000317,INA NG BUHAY PAROCHIAL SCHOOL,BAU,"Jordan Heights Subd., Damong Maliit","Novaliches, Quezon City", ,Novaliches,MAPSA
01-NN-000267,GRACE MONTESSORI SCH. OF NOVA.,BAU,"# 8 Nicanor Belarde St.,","Dona Rosario Subd., Novaliches, Q.C.", , ,
01-NC-000012,COL. DE STA. ROSA,BAU,#6321 Estrella Street,"Palm Village, Makati City",AR, ,
01-NN-000369,KING'S MONTESSORI SCHOOL,BAU,"#48 Ferdinand St., King'spoint","Subd., Bagbag, Novaliches, QC",,,
01-NO-000032/01-NO-000033,ST. JOHN'S ACADEMY (E/HS),BAU,"#148 Jose Gil St.,","San Juan, Metro Manila", , ,
01-NC-000082,"ST. ANTHONY OF MAKATI-MONTESSORI, INC.",BAU,"2070 E. Pascua St.,","Brgy. Kasilawan, Makati City", , ,
01-NN-000302,HOPE CHRISTIAN SCH.-FAIRVIEW(TD&S),BAU,"#2 Iris St., cor Dhalia Ave.,","West Fairview, Quezon City", , ,
01-NN-000459,METRO MANILA COLLEGE (E/HS),BAU,"Bo. Kaligayahan,",Novaliches Quezon City, , ,
01-NN-000548,RESURRECTION CATHOLIC SCHOOL,BAU,(frmrly: Pagkabuhay Parochial School),"Pagkabuhay Rd.,Bagbag Novaliches,Q.C.", ,Novaliches,MAPSA
01-NN-000431,MARIAN SCHOOL OF QUEZON CITY,BAU,"Ocean Park Subd.,#197 Sauyo Rd.,","Novaliches, Quezon City", , ,APSA
01-NE-000028/01-NE-000029,INT'L BAPTIST COLLEGE (E/HS),BAU,"#474 Arayat St.,",Mandaluyong City, , ,
01-NL-000036,GCF INTERNATIONAL CHRISTIAN SCHOOL,BAU,"Ruby cor Garnet Road,","Ortigas Center, Pasig City", , ,
01-NC-000040,LEARN & DO SCHOOL,BAU,"4800 Valderama St.,","Pio del Pilar, Makati City", , ,
01-NN-000854,ST. PAUL EDUCATIONAL CENTER,BAU,"Ilocos Sur St.,","Bago Bantay, Q.C.", , ,
01-NN-000234,GLENDALE MONTESSORI SCHOOL,BAU,"#69 Short Horn St., Munoz,","Proj. 8, Quezon City", , ,
01-NE-000046/01-NE-000047,NAMEI POLYTECHNIC INSTITUTE(E/HS),BAU,"#123 Mabini St.,",Mandaluyong City, , ,
01-NN-000214,FIORE DEL CARMELO SCHOOL,BAU,"#6 Doña Lucia St., Doña Carmen Subd.","Brgy. Commonwealth, Quezon City", ,,
01-NL-000074,MORNING SUN ACADEMY,BAU,"24 Sampaguita St., de Castro Subd.,","Bgy. Sta. Lucia, Pasig City", , ,
01-NC-000020,FORTRIDGE ASIAN SCHOOL,BAU,"1 J. Gen. Ricarte St., Along Gate 1,","South Cembo, Makati City", , ,
01-NN-000683,ST. FRANCIS OF ASISSI SCH. OF QC,BAU,"#3 Kalayaan B. St.,","Batasan Hills, Quezon City", , ,
01-NC-000045,M.A. MONTESSORI,BAU,"1-J Gen. Ricarte St.,","South Zembo, Makati City", , ,
01-NN-000638,SISTER OF MT. CARMEL CATHOLIC SCH.,BAU,"#6 Carmel St.,","Fairview Park, Quezon City",,,
01-NN-000600,RICHLAND MONTESSORI SCHOOL,BAU,"Lot 5 Blk 5, Richland Subd., Ph-V,","Sauyo Rd., Novaliches, Q.C.", , ,
01-NN-000280,HEADWAY SCHOOL FOR GIFTEDNESS,BAU,"130 B. Matahimik St.,","U.P. Village, Diliman, Quezon City", , ,
01-NC-000021,FRANCISCO SCHOOL OF MAKATI,BAU,"7137 M. Ocampo St.,","Brgy. Pio del Pilar,Makati City", , ,
01-NA-000219,REGINA COELI EDUCATION CENTER FDT.,BAU,"Vista Verde North Exec. Village,","Llano Rd., Novaliches, Kalookan City", , ,
01-NJ-000123,SYSTEM TECHNOLOGY INST.-P'QUE,BAU,"4917-19 Gladiola St.,","Marimar II Village, Paranaque City", , ,
01-NN-000328,J.P. SIOSON COLLEGE (HS),BAU,near Sto. Nino Parochial,"Bago Bantay, Quezon City", , ,
01-NC-000089,MARIA MONTESSORI HOLY CHRISTIAN INC.,BAU,,, , ,
01-NN-000833,PMF ELIZABETH ACADEMY,BAU,,, , ,
01-NO-000010,FOUNTAIN INTERNATIONAL SCHOOL,BAU,"#14 Anapolis St., Greenhills,",San Juan City, , ,
01-NN-000196,FAIRVIEW BAPTIST ACADEMY,BAU,"Fairview Ave.,","Fairview Park, Quezon City", , ,
01-NQ-000153,FULL OF GRACE MONTESSORI-VEINTERENLES,BAU,,, , , 
01-NC-000072,SPURGEON SCHOOL FOUNDATION,BAU,"#140 H.V. dela Costa St.,","Salcedo Vill., Bel-Air, Makati City", , ,
01-NO-000036,TABERNACLE OF FAITH CHRISTIAN ACAD,BAU,# 151 J. Ruiz Street,"San Juan, Metro Manila", , ,SAPRISA
01-NN-000006,ACADEMIA DE STA. FAUSTINA,BAU,"B-5 L-12 Sugartown Homes,","Filinvest II, Batasan Hills, Q.C.", , ,
01-NC-000071,SMART KIDZ,BAU,"#78 Santol St.,","Comembo, Makati City", , ,
01-NN-000829,BLESSED REDEEMER CHRISTIAN SCHOOL,BAU,,, , ,
01-NC-000090,PRECIOUS VALUES SCHOOL,BAU,"4070 Del Pilar St., South Cembo",Makati City, , ,
01-NL-000121,STO. NINO THE SHEPHERD SCHOOL,BAU,"#8 Grassland St., Bartville Subd.,","Brgy. Dela Paz, Pasig City", , ,
01-NN-000874,DIVINE GRACE CHILD DEVELOPMENT CENTER,BAU,"47 Gen. Ave., GSIS Village","Tandang Sora, Quezon City", , ,
01-NL-000025,D' PAUL KIDDIE CENTER,BAU,"#24 G. Raymundo St.,","Brgy. Malinao, Pasig City", , ,
01-NN-000249,GOLDEN VINEYARD SCHOOL,BAU,"UCCP Compound, Don Vicente St.,","Filinvest II, Batasan Hills, Quezon City", , ,
01-NN-000291,HOLY CHILD MONTESSORI SCHOOL,BAU,"L-3 B-13, Paxton St.,","East Fairview, Quezon City", , ,
01-NC-000091,CHRIST GOSPEL FELLOWSHIP ACADEMY,BAU,FRMRLY:CHRIST GOSPEL FELLOWSHIP ACADEMY,"1199 P. St. Brgy. Sta. Cruz,", , ,
01-NN-000849,"ST. PASCUAL INTEGRATED SCHOOL,INC.",BAU,"M & L Bldg. Visayas Ave., Cor, Road 1","Project 6, Quezon City", , ,
01-NL-000066,"MAKABATA SCHOOL FOUNDATION INC,",BAU,"#6-B Medina St., Armel VI Subd.,","Brgy. Sta. Lucia, Pasig City", , ,
01-NN-000501,NEO-VISION SCHOOL,BAU,"#82 Mother Ignacia Ave.,",Quezon City, , ,
01-NN-000075,BRESEE NAZARENE SCHOOL,BAU,"37 Madelaine St.,","Parkway Village.,A. Samson, Q.C.", , ,
01-NC-000007,BLOOMFIELD ACADEMY OF MAKATI,BAU,"210 Sino Cruz St.,","West Pembo, Makati City", , ,
01-NN-000771,SYSTEM TECHNOLOGY INST.-BRGY.HOLY SPIRIT,BAU,"#56 Holy Spirit Drive,Don Antonio Hgts.","Brgy. Holy Spirit, Quezon City", , ,
01-NL-000137,ST. WILLIAM'S SCHOOL OF PASIG,BAU,"Visitacion St., San Joaquin",Pasig City, , ,PAPRISA
01-NN-000630,SHALOM LEARNING CENTER-Q.C.,BAU,"#56 Don Vicente St.,","Don Antonio Hgts., Commonwealth, Q.C.", , ,
01-NN-000173,DIVINE MERCY LRNG. CTR.-PROJ.8,BAU,"#54 E.V. Luzon Ext.,","Proj 8, Quezon City", , ,
01-NN-000247,LIVING HOPE ACADEME OF QC,BAU,formerly: GOLDEN SUN ACADEMY,"#50 Rd.23 Proj. 8, Quezon City", , ,
01-NN-000270,"GREENCREST LEARNING CENTER, INC.",BAU,Lot4-A Garcia Ave. Doña Faustina Subd.,"San Bartolome, Novaliches, Q.C.", , ,
01-NN-000830,JOHN DEWEY SCHOOL FOR CHILDREN,BAU,,, , ,
01-NN-000106,"CHILD'S FUTURE GUIDED ACADEME, INC",BAU,"#25 Benefits St., GSIS Village,","Brgy. Sangandaan, Q.C.", , ,
01-NO-000013,HOLY LIGHT INTEGRATED CATHOLIC SCH.,BAU,"285 P. Guevarra St.,","San Juan, Metro Manila", , ,
01-NL-000094,REGGIO CHILDREN PRE-SCHOOL HOUSE,BAU,"Phase 2K L-3&4 B-5, Peach St.,","Greenwoods Exec. Vill., Pasig City", , ,
01-NN-000841,PRECIOUS SEEDS SCHOOL OF NOVALICHES INC.,BAU,,, , ,
01-NO-000039,"ACADEMIA DEL SEÑOR NAZARENO, INC.",BAU,,, , ,
01-NN-000161,DILIMAN CHRISTIAN ACADEMY-CULIAT,BAU,"#508 Tandang Sora Ave.,","Culiat, Quezon City", , ,
01-NO-000020/01-NO-000040,"MONT. DE SAN JUAN, INC. (E/HS)",BAU,"#3 Montessori Lane,","San Juan, Metro Manila", , ,SAPRISA
01-NN-000777,THE CHILDREN'S ARK PREPARATORY SCHOOL,BAU,"#47 Don Matias St.,","Don Antonio Hghts,Diliman, Q.C.", , ,
01-NC-000011,CHRISTIAN KIDDIE GARDEN LEARNING CENTER,BAU,"#3 Narra St.,","Camembo, Makati City", , ,
01-NL-000054,LA ESCUELA DELA PURISIMA,BAU,"83 V.P. Fernando Rd.,","Brgy. dela Paz, Pasig City", , ,
01-NN-000306,IDEAL MONTESSORI CENTER-FILINVEST II,BAU,"#14 Coen St., Filinvest II,","Batasan Hills, Quezon City", , ,
01-NE-000034,KIDDO ACADEMY,BAU,"2nd Level G.A. Tower II,",Mandaluyong City, , ,
01-NL-000087,PASIG COMMUNITY SCHOOL,BAU,"N. Suarez Ave.,","San Miguel, Pasig City", , ,PAPRISA
01-NN-000611,SACRED HEART CHILD LEARNING CENTER,BAU,"#16 Don Carlos St.,","Don Antonio Hghts , Quezon City", , ,
01-NN-000129,COMMONWEALTH LEARNERS CHRISTIAN SCHOOL,BAU,"#10 Pres. Roxas St.,","Commonwealth Hgts.,Commonwealth, Q.C.", , ,
01-NC-000092,PHILTMDA INTEGRATED MONTESSORI SCHOOL,BAU,,, , ,
01-NL-000106,SMARTY MONTESSORI SCHOOL,BAU,"#51 Amang Rodriguez Ave.,","Santolan, Pasig City", , ,
01-NE-000056,RIVERPORT ACADEMY,BAU,"#153 San Francisco St.,",Mandaluyong City (near City Hall), , ,
01-NC-000033,INTEGRATED MONTESSORI CTR.-BAYANI,BAU,"Ph.V, AFPOVAI near Kagitingan Golf Court","Bayani Rd., Fort Bonifacio, Tagig, MM", , ,
01-NC-000087,SAN ILDEFONSO PAROCHIAL LRNG. CTR.,BAU,,, , ,
01-NC-000022,FTC LEARNING CTR.(FORTUNATO T. CALLUENG),BAU,"83-A West Urduja St.,","West Rembo, Makati City", , ,
01-NN-000855,REMNANT INTERNATIONAL CHRISTIAN SCHOOL,BAU,3/F SBR Arcade Bldg. Loyola Hts.,"Katipunan, Q.C (Top of Yellow Cab Pizza0", , ,
01-NL-000138,GOOD SHEPHERD MONTESSORI SCHOOL OF PASIG,BAU,,, , ,PAPRISA
01-NL-000024,CREATIVE LEARNING SCHOOL,BAU,"11 Stella Maris St.,","Bo. Kapitolyo, Pasig City", , ,
01-NA-000196,OUR LADY GRACE KIDDIE LEARNING CENTER,BAU,Our Lady of Grace Parish Church,"11th Ave., Grace Park, Kalookan City", , ,
01-NC-000095,"GLOBAL MA MONT. ACADEMY, INC.",BAU,"261 & 269 J.P. Rizal St.,","Brgy. Tejeros, Makati City",,,
01-NL-000143,CALVARY CHRISTIAN SCHOOL,BAU,5 Pearl St. Cor. Garnet St.,"Dona Juliana Village,Rosario, Pasig",,,
01-NN-000831,HIS MAJESTY CHRISTIAN ACADEMY OF QC,BAU,"184 A. Kapiligan St.,","Brgy. Dona Imelda, Quezon City", , ,
01-NN-000024,"ANGELIQUE MONTESSORI, INC.",BAU,"14 East St. Don Enrique Village,","Novaliches, Quezon City", , ,
01-NN-000498,N.S. MONTESSORI SCHOOL,BAU,"28 Salazar St.,","B.F. Homes, Quezon City", , ,
01-NL-000029,EL RIO DE PASIG ACADEMY,BAU,"B-1 L-5 Eusebio Ave.,","Nagpayong II, Pinagbuhatan,Pasig City", , ,
01-NA-000303,CHILDREN'S BRIGHT LEARNING CENTRE,BAU,Lot A.B.C Narra St. Pleasant View,"Caybiga, Caloocan City", , ,
01-NF-000253,PHILIPPINE WOMEN'S UNIVERSITY (E/H),BAU,,, ,,
01-NC-000030,HOLY FAMILY KINDERGARTEN,BAU,"#9 Rizal St.,","Brgy. Pembo, Makati City", , ,
01-NN-000891,SPRING OF JOY LEARNING CENTER,BAU,"404 Eagle St. Area 2, Sitio Veterans,","Brgy. Bagong Silangan, Quezon City",,,
01-NN-000625,SCH. OF ST. MAXIMILIAN MARY KOLBE,BAU,"B-24 L-20, Pili cor Cypress Sts.,","Greenfield I,  Novaliches, Q.C.", , ,
01-NE-000004,AMADO T. REYES CHILD LRNG.CTR.,BAU,"69 A.T. Reyes St.,",Mandaluyong City, , ,
01-NC-000084,TEACHER'S COMPOUND LEARNING CENTER,BAU,"156 Teacher's Cmpd.,","West Rembo, Makati City", , ,
01-NC-000017,FELJOHN ACADEMY,BAU,"L-3 B-63, Gladiola St.,","Brgy. Rizal, Makati City", , ,
01-NC-000042,LITTLE TREASURE LEARNING CENTER,BAU,"53-E Mabini St.,","West Pembo, Makati City", , ,
01-NO-000041,JONATHAN AND JOSHUA EARLY LITERACY CTR.,BAU,,, , , 
01-NO-000038,JOSHUA EARLY LITERACY CENTER,BAU,"#8 Polk St., North Greenhills,","San Juan, M.M.", , ,
01-ND-000091,UNLAD LEARNING CENTER,BAU,"Ph-2 Paradise Village, Letre, Tonsiya",Malabon City,,,
01-NN-000882,"TEMPLE HILL INTERNATIONAL SCHOOL, INC.",BAU,,, , , 
01-NE-000043,MORNING STAR LEARNING CENTER,BAU,#431 Star Street,Mandaluyong City, , ,
01-NN-000046,"BEEZY BEES LEARNING CENTER, INC",BAU,"Rivera's Compd., P. dela Cruz St.,","Sitio Gitna, Novaliches Q.C.", , ,
01-NQ-000152,CHRIST LOVE CHRISTIAN ACADEMY,BAU,"1035 M. Bernardino St., Ugong",Valenzuela City,,,
01-NN-000825,CREATIVE EXPLORER,BAU,"47 Visayas Ave., Brgy. Proj. 6",Quezon City, , ,
01-NC-000073,ST. ANDREW LEARNING CENTER,BAU,"N. Garcia cor Neptune Sts.,","Bel-Air II, Makati City", ,,MAPSA
01-NN-000890,WISDOM LIGHT CHRISTIAN ACADEMY,BAU,"#35 Apo. St. near Dapitan,",Quezon City,,,
01-NC-000032,INNERWHEEL SCHOOL,BAU,"Dau St.,","San Antonio Vill., Makati City", , ,
01-NL-000126,THE RED APPLE PLAY SCHOOL,BAU,"#100 F. Manalo St.,","Brgy. Malinao, Pasig City", , ,
01-NC-000047,MA. SEMPER FIDELIS SCHOOL,BAU,"2094 E- Pascua St.,",Makati City, , ,
01-NC-000069,SCHOLA PROGRESSIO-(SACRED HEART SCH.),BAU,(Sacred Heart Sch.)J.ConjuangcoBdlg.119,"dela Rosa St., Legazpi Vill.,Makati City", , ,
01-NC-000024,GIFTED CHILD TUTORIAL CENTER,BAU,"1169 Rodriguez St., cor Lucban St.,","Brgy. Bangkal, Makati City", , ,
01-NC-000003,BESTA FIRST SCHOOL,BAU,"404-C Tanguile St.,","Cembo, Makati City", , ,
01-NC-000063,PLAYSCHOOL CHILD LEARNING CENTER,BAU,"2nd Flr PMI Bldg.,-1860","Evangelista St.Pio del Pilar,Makati City", , ,
01-NN-000866,TALANAY K TUTORIAL CENTER,BAU,,, , ,
01-NN-000199,FAITH ABLAZE CHRISTIAN LEARNING CENTER,BAU,L1 B22 Pantranco Compound Himlayan Rd.,"Tandang Sora, Quezon City", , ,
01-NN-000835,PALMFIELD SCHOOL,BAU,,, , ,
01-DN-000489,EREGIS CHILD STUDY CENTER,BAU,"#26 Alwood St., Phase 6, Greenwoods","Exec. Village, Cainta, Rizal",,,
01-NN-000122,CLARET SCHOOL OF Q.C. (E/HS),BRA,"Mahinhin St., cor Mayumi St.,","UP Village, Diliman, Quezon City",C.M.F-Cordis Mariae Filii,,Q.C CON
01-NF-000004/01-NF-000005,ADAMSON UNIVERSITY (PE/E/HS),BRA,San Marcelino,"Ermita, Manila",CM,,
01-AD-000009/01-AD-000010,CHRIST THE KING COLLEGE (E/HS),BRA,"P. Gomez St., Sevilla","San Fernando City, La Union",ICM,,LUPRISA
01-NF-000201/01-NF-000202,NATIONAL TEACHERS COLLEGE (E/HS),BRA,"Nepomuceno St., Tanduay","Quiapo, Manila", , ,NO AFFILIATION
01-NE-000036,LA SALLE - GREENHILLS,BRA,343 Ortigas Avenue,Mandaluyong City, , , 
01-AC-000053/01-AC-000054,ST. PAUL COLLEGE - BANTAY (E/HS),BRA,"2726 Bayubay, San Vicente","Bantay, Ilocos Sur",SPC,Nueva Segovia,
01-NQ-000107,ST. LOUIS COLL. OF VALENZUELA,BRA,"Maysan Road, Malinta",Valenzuela City, , ,VALAPSA
01-AD-000042/01-AD-000084,ST. LOUIS COLLEGE-(E/HS) SAN FERNANDO,BRA,"National Hway, Lingsat, 2500","San Fernando City, La Union",CICM,,LUPRISA
01-ND-000036/01-ND-000037,IMM. CONCEPCION PAROCHIAL SCH.-E/HS,BRA,"# 272 Gen. Luna St.,","Malabon, Metro Manila",,KALOOKAN,MAPSA
01-AC-000045/01-AC-000046,ST. AUGUSTINE SCHOOL (E/HS),BRA,"National Highway,Tagudin,","Tagudin, Ilocos Sur",ICM,Nueva Segovia,
01-NA-000266,ST. MARY'S ACADEMY (OLGA),BRA,"12th Avenue,","Grace Park, Kalookan City",RVM,,
01-AD-000006,BHC EDUCATIONAL INSTITUTE,BRA,Sevilla Center,"San Fernando City, La Union", , ,LUPRISA
01-NF-000308,ST. MARY'S ACADEMY - STA. ANA,BRA,(Formerly St. Anne's Academy),"Pedro Gil St., Sta. Ana, Manila",RVM,,
01-NN-000666/01-NN-000667,ST. BRIDGET'S SCHOOL (E/HS),BRA,"cor Katipunan Rd.,","Aurora Blvd., Quezon City",RGS/CGS,,Q.C CON
01-NQ-000075,OUR LADY OF LOURDES COLLEGE,BRA,"5031 Gen. T. De Leon,","Karuhatan, Valenzuela City", , ,VALAPSA
01-NQ-000103,ST. JOSEPH SCH. OF LAWANG BATO,BRA,"Mulawinan St.,","Lawang Bato, Valenzuela City", , ,VALAPSA
01-AC-000008,DIVINE WORD COLL. OF VIGAN,BRA,Burgos St.,"Vigan City, Ilocos Sur",SVD,Nueva Segovia,
01-AC-000051,ST. JOSEPH INSTITUTE (E/HS),BRA,San Juan St. San Juan,"Candon City, Ilocos Sur",SPC,Nueva Segovia,
01-NQ-000118,ST. THERESE OF THE CHILD JESUS KIDZ,BRA,"#20 Sto. Rosario St.,","Karuhatan, Valenzueal City (Paxton)", , ,VALAPSA
01-AD-000045,ST. MARY'S ACAD.-AGOO (HS),BRA,Consolacion,"Agoo, La Union", ,LA UNION,
01-NF-000378,CONCORDIA COLLEGE (E/HS),BRA,"#1739 Pedro Gil St.,","Paco, Manila",DC,,
01-NQ-000110,ST. MARY'S ANGEL SCHOOL,BRA,frmrly:St. Mary's Angel Sch) P. Gomez St,"Fortune Village VII, Valenzuela City", , ,VALAPSA
01-NN-000745,ST. VINCENT SCHOOL-WEST,BRA,#96 Philam,"West Ave., Quezon City", , ,
01-NN-000543/01-NN-000544,P.W.U.-J.A. MEMORIAL SCHOOL - E/HS,BRA,,"Edsa, Quezon City", , ,
01-AD-000022,LORMA GRADE SCHOOL,BRA,"National Hway, Carlatan,","San Juan, La Union", , ,LUPRISA
01-NQ-000010,CHARIS CHRISTIAN SCHOOL OF VALENZUELA,BRA,"11 Mulawinan St.,","Lawang-bato, Valenzuela City", , ,VALAPSA
01-NQ-000125,STO. ROSARIO MONTESSORI SCHOOL,BRA,"#1 Rd. 3, San Miguel Heights,","Marulas, Valenzuela City", , ,VALAPSA
01-NQ-000026,DIVINE WORD LEARNING CENTER (E/H),BRA,"Santolan Rd., Parada,","Malinta, Valenzuela City,", , ,VALAPSA
01-AC-000056,ST. WILLIAM'S INSTITUTE (E/H),BRA,"Brgy. San Ramon,","Magsingal, Ilocos Sur",SPC,Nueva Segovia,
01-NQ-000102,ST. JOSEPH ACAD. OF VALENZUELA,BRA,"#1 Felipe St.,","Karuhatan, Valenzuela City", , ,VALAPSA
01-NQ-000067,MONT. ACADEMY OF VALENZUELA,BRA,"7 Gretchen Ave., cor Karen St.,","Tanada Subd.,G.T.Deleon, Valenzuela City", , ,VALAPSA
01-NF-000049/01-NF-000050,COL. DE SAN JUAN DE LETRAN (E/HS),BRA,Muralla Street,"Intramuros, Manila",OP - Dominican, ,
01-NQ-000109,ST. MARY MONTESSORI CENTER (MAIN),BRA,(formerly Servant of Mary Mont.),"Coloong I,Malanday, Valenzuela City", , ,VALAPSA
01-NF-000330/01-NF-000331,STA. ISABEL COLLEGE (E/HS),BRA,Taft Ave,"Taft Ave., Manila",DC,,MAPSA
01-NN-000795,TRINITY UNIVERSITY OF ASIA,BRA,(Frmly: Trinity College),"E. Rodriguez Ave., Quezon City", , ,
01-ND-000064,PROBEX SCHOOL,BRA,"127 M. H. Del Pilar St., Santolan","Malabon, Metro Manila", , ,
01-NN-000727/01-NN-000810,ST. PATRICK SCHOOL (E/HS)-PROJ. 8,BRA,"Gen. Malvar Ave., GSIS Village","Project 8, Quezon City", , ,no affiliation
01-NQ-000012,CHILDREN OF MARY IMMACULATE COLL.,BRA,"#22 Maysan Rd., Near PLDT","Malinta, Valenzuela City", , ,VALAPSA
01-NQ-000071,NEW PRODON ACADEMY OF VALENZUELA,BRA,"2428 M. delos Reyes St.,","Gen. T. Deleon, Valenzuela City", , ,VALAPSA
01-NQ-000008,BOBBY & KATES ACADEMY,BRA,"San Diego St., Bo. Canumay,","Malinta, Valenzuela City", , ,VALAPSA
01-NA-000186,NORTHERN RIZAL YORKLIN SCHOOL,BRA,"#72 P. Sevilla St., Bet. 5th/","6th Ave., Kalookan City", , ,CADSA
01-NQ-000043,JESUS CARES CHRISTIAN SCHOOL,BRA,"1469 Ibayo St.,","Malinta, Valenzuela City", , ,
01-NI-000009,LA NAVAL ACADEMY,BRA,"17 Ignacio St., Bacog,","Navotas, Metro Manila", , ,
01-NI-000017/01-NI-000018,SAN JOSE ACADEMY (E/HS),BRA,"M. Naval St.,","Navotas, Metro Manila",,KALOOKAN,MAPSA
01-AD-000015,FELKRIS ACADEMY,BRA,"National Hway., Brgy. Lingsat,","San Fernando City, La Union", , ,LUPRISA
01-AD-000048/01-AD-000072,ST. NICHOLAS ACADEMY-BALAOAN,BRA,San Nicolas of Tolentino Parish,"Balaoan, La Union", ,LA UNION,
01-NI-000031,LA ATHENA DE NAVOTAS LEARNING CENTER,BRA,"R.S. Bldg., 3rd Floor,","821-M. Naval St., Sipac, Navotas City", , ,
01-NF-000309,ST. MARY'S ACADEMY-YAKAL,BRA,"Yakal St.,","Sta. Cruz, Manila",RVM,,
01-NA-000291,WORLD CITI COLLEGE (E/HS),BRA,(Frmly:Holy Trinity School),"461 William Shaw St.,Kalookan City", , ,
01-AD-000059,LORMA SCIENCE HIGH SCHOOL,BRA,"National Hway, Carlatan,","San Juan, La Union", , ,LUPRISA
01-NQ-000130/01-NQ-000131,VALENZUELA CHRISTIAN SCHOOL(E/HS),BRA,"Abalos St.,","Marulas, Valenzuela City", , ,VALAPSA
01-AD-000090,AGOO KIDDIE SPECIAL SCHOOL,BRA,"National Highway,","Bororo, Bacnotan, La Union", , ,LUPRISA
01-NQ-000150,OUR LADY OF FATIMA UNIVERSITY (BED),BRA,Fatima Ave. Pag-asa Subd.,"120 MacArthur Highway Marulas,Valenzuela",,,
01-AD-000035,ST. ANTHONY MONT. SCH.-BACNOTAN,BRA,"12 Guerrero Street, Poblacion","Bacnotan, La Union", , ,
01-CC-000386,SAN ISIDRO PAROCHIAL SCH-BUSTOS,BRA,"Brgy. Liciada,","Bustos, Bulacan", , ,
01-AD-000069,ST. ANTHONY MONT. SCH.-BAUANG,BRA,,"Bauang, La Union", , ,
01-AD-000019,LA UNION CULTURAL INSTITUTE,BRA,"438 Gov. Lucero St.,","San Fernando City, La Union", , ,LUPRISA
01-AD-000057,LORD OF ZION DIVINE SCHOOL,BRA,"Brgy. Paratong,","Bacnotan, La Union", , ,
01-NI-000006,GOV. ANDRES PASCUAL COLL.(E/H),BRA,"1045 M. Naval St.,","Navotas, Metro Manila", , ,
01-NQ-000154,MIRIAM'S ACADEMY OF VALENZUELA,BRA,Mabolo St. Valenzuela City,Valenzuela City,,,
01-ND-000057,NAZIRITES CHRISTIAN ACADEMY,BRA,,"#25 Tinejeros, Malabon City", , ,
01-AD-000041,ST. JUDE MONTESSORI-SAN FERNANDO,BRA,"Barangay Catbangen,","San Fernando City, La Union", ,LA UNION,
01-NQ-000083,POLYLOVE ACADEMY,BRA,"(Frmly Polycalm Acad.)24 Trinidad Cmpd.,","Brgy. Karuhatan, Valenzuela City", , ,VALAPSA
01-AD-000100,YESUAH CHRISTIAN ACADEMY,BRA,"Disso-Or, Bauang, La Union",La Union,,,
01-CC-000385,SAN ISIDRO LABRADOR L.C.-STA. MARIA,BRA,"Purok Libis, Brgy. Buenavista,","Sta. Maria, Bulacan", , ,
01-NQ-000146,"CORINTHIAN SCHOOL, INC.",BRA,MZN Bldg. II Gen. T. De Leon,Valenzuela City, , ,VALAPSA
01-NQ-000113,ST. PAUL CHRISTIAN SCHOOL,BRA,"#24 Tadeo St.,","Karuhatan, Valenzuela City", , ,VALAPSA
01-AD-000013/01-AD-000082,DON MARIANO MARCOS STATE-(E/HS) BACNO,BRA,"Brgy. Sapilang,","Bacnotan,La Union", , ,
01-AD-000091,"LA UNION COLLEGE OF NURSING,ARTS&SCIENCE",BRA,,, , ,
01-NQ-000117/01-NQ-000017,CHRIST AMBASSADOR CHRISTIAN ACAD.,BRA,"2471 M. delos Reyes St.,","Fortune Village I, Valenzuela City", , ,VALAPSA
01-AD-000076,LA UNION COLLEGES OF SCIENCE & TECH.,BRA,"Piscadores St., Central West","Bauang, La Union", , ,LUPRISA
01-NQ-000004,ANGELS HOPE ACADEMY,BRA,"4599 Chico St., Santo Law Homes,","Gen. T. Deleon, Valenzuela City", , ,
01-CC-000468,ST. MARY MONTESSORI CENTER-BANGA,BRA,(Annex),"Banga, Meycauayan, Bulacan", , ,
01-ND-000002,ACADEMIA DE STO. ROSARIO,BRA,"152 Damzon St.,","Dampalit, Malabon City", , ,
01-NQ-000155,ST. BENEDICT ACADEMY OF VALENZUELA,BRA,"124 P. Faustino St.,Punturin,",Valenzuela City,,,
01-NI-000021,NAVOTAS CHRISTIAN SCHOOL,BRA,(Formerly St. Peter Christian L.C.),"697 M. Naval St., Navotas, Metro Manila", , ,
01-AD-000074,UNITED CHURCH OF CHRIST N & K,BRA,,"San Fernando City, La Union", , ,
01-AD-000073,"LA UNION DIVINE HEART SCHOOL, INC.",BRA,"Sevilla North, Quezon Ave.,","San Fernando City, La Union(Nat'l H-way)", , ,
01-NI-000011,SAN LORENZO RUIZ PAROCHIAL SCHOOL,BRA,"Phase I-C, Kaunlaran Village,","Navotas, Metro Manila",OP - Dominican,KALOOKAN,MAPSA
01-AD-000021,LA UNION STANDARD ACADEMY (HS),BRA,,, , ,
01-ND-000083,UNITED METHODIST LEARNING CENTER,BRA,"#469 Gen. Luna St.,","Hulong Dagat, Malabon, Metro Manila", , ,
01-ND-000066,SACRED HEART SCHOOL,BRA,"# 18 Mango Road, Potrero",Malabon City,,,
01-NQ-000101,ST. GREGORY SCHOOL OF VALENZUELA,BRA,"156 P. Faustino St.,","Punturin, Valenzuela City", , ,
01-NA-000295,LITTLE MINES LEARNING CENTER,BRA,282 Brgy. 163 Tandang Sora Ext.,"Sta. Quiteria, Caloocan City", , ,
01-NQ-000140,HIGH HORIZON LEARNING CENTER,BRA,#99 M.H. Del Pilar ST.,"Malanday, Valenzuela City", , ,
01-AD-000086,VINEYARD FOUNDATION LEARNING CENTER,BRA,"Pagdaraoan,","San Fernando City, La Union", , ,
01-NI-000028,KIDS LAND CHRISTIAN LEARNING CENTER,BRA,"1420  M. Naval St.,","Tangos, Navotas, Metro Manila", , ,
01-ND-000087,PAPER & PEN KIDDIE SCHOOL,BRA,frmrly: Paper & Pen Kiddie Sch B-14 L-45,"P2 A-3 Kaunlaran Village, Malabon City", , ,
01-AC-000077,ILOCOS SUR POLYTECHNIC COLLEGE,BRA,"National Highway,Tagudin,",Ilocos Sur,,,
01-NQ-000098,ST. BLAISE LRNG. CTR. OF VALENZUELA,BRA,Rm 203,"63 Paso de Blas, Valenzuela City", , ,VALAPSA
01-AD-000097,COLEGIO DE LA UNION INC.-PRE SCHOOL,BRA,13 Aglipay Ortiz St.,"Naguillan, La Union",,,
01-NQ-000139,VIBRANT CHRISTIAN ACADEMY (VICA) INC.,BRA,,, , ,VALAPSA
01-NQ-000079,PARAGON ACADEMY,BRA,"#1 St. Jude St. L. Francisco Subd.,","Vientereales, Valenzuela City", , ,
01-NI-000015,PNSJ PRE-SCHOOL,BRA,525 Gov. Pascual cor.,"Daang Hari, Navotas, M.M.", , ,
01-NQ-000041,HOLY TRINITY SCHOOL,BRA,"45 Kalesang Imo St.,Bilog,","Balangkas Pasohos, Valenzuela City", , ,
01-NN-000873,CLARION SCHOOL INTERNATIONAL INSTITUTE,BRA,"G/F #12 KH St., West Kamias",Quezon City, , ,
01-CC-000469,ST. MARY MONTESSORI CENTER-LAWA,BRA,"#56 Sili St., Lawa,","Meycauayan, Bulacan", , ,
01-NQ-000151,PHIL. LING-LIANG CHRISTIAN ACADEMY INC.,BRA,,,,,
01-NQ-000003,ANGEL'S HAVEN MONTESSORI,BRA,"2612 Verseles St.,","Gen. T. de Leon, Valenzuela City", , ,
01-NQ-000148,HEART & MIND DAY CARE CENTER,BRA,77 M. Francisco St.,"Lingunan, Valenzuela City", , ,
01-NQ-000094,MARULAS CHRISTIAN SCHOOL,BRA,"#18 I. de Guzman St., Concepcion Subd.,","Marulas, Valenzuela City", , ,
01-NQ-000147,MUNTING PUSO D.C.C.,BRA,"46 T. Santiago ST.,","Canumay, Valenzuela City", , ,
01-AD-000004,BALAOAN CHRISTIAN FOUNDATION,BRA,"Nalasin,","Balaoan, La Union", , ,
01-AD-000095,VILLA CHERRY MONTESSORI,BRA,"Don Asprer Road, Pagdalangan Norte","San Fernando City, La Union",,,
01-NQ-000082,PHIL. FAITH ACADEMY,BRA,"Jeremias Street,","Karuhatan, Valenzuela City", , ,
01-NQ-000048,JOHN VINCENT ACADEMY,BRA,"#3 Camia St., Happy Site Subd.,","Marulas, Valenzuela City", , ,
01-NQ-000137,PEPE & PILAR KIDDIE LRNG. CTR.,BRA,,, , ,
01-AD-000051,ST. WILLIAM'S ACADEMY,BRA,frmrly St. William's Academy,"Gomez St. San Fernando City, La Union",DML,LA UNION,
01-NI-000032,ZOTO LEARNING CENTER,BRA,,, , ,
01-NQ-000149,MESSENGER OF GOD NURSERY & TUTORIAL CTR,BRA,,, , ,
01-AD-000075,ASSEMBLY OF GOD LEARNING CENTER,BRA,"Pennylvania Ave., San Francisco,","Catbangen, San Fernando City, La Union", , ,
01-NN-000879,ZBDGE-PRESCHOOL/ACADEMY,BRA,"15 k10th St., Kamias",Quezon City,,,
01-AD-000016,HARVEST BAPTIST CHRISTIAN L.C.,BRA,"San Martin,","Bacnotan, La Union", , ,
01-NQ-000002,TOUCHED BY GOD'S GRACE LEARNING CENTER,BRA,"(All in Christ Acad.)-12 Amapola St.,","Pag-asa Subd.Maysan Rd., Valenzuela City", , ,
01-NQ-000033,GOLDEN MINDS EDUC'L CENTER,BRA,"#248 Parada Rd.,","Fortune Village V, Valenzuela City", , ,
01-NQ-000058,M. VALERIANO TUTORIAL & TRNG. CTR.,BRA,"#3 Buko St., (White Gate)","Balangkas, Valenzuela, M.M.", , , 
01-NQ-000014,CHILDREN'S TUTORIAL PRE-SCHOOL,BRA,"Jasmin St.,","Balubaran, Valenzuela City", , , 
01-NQ-000007,BIBLE INSTITUTE FOR THE DEAF,BRA,"Governor I, Santiago St., BBC Cmpd.,","Malinta, Valenzuela City", , , 
01-AD-000017,LA UNION ADVENTIST MULTIGRADE SCH.,BRA,"Tangque Lipit,","San Fernando City, La Union", , , 
01-AD-000007,CAPITOL CHURCH N & K SCHOOL,BRA,"Quezon Ave.,","San Fernando, La Union (beside UCCP)", , , 
01-NN-000688,ST. JAMES COLL. OF QUEZON CITY,DAT,"#736 Tandang Sora Ave., cor.","Mindanao Ave., Quezon City", , ,
01-NN-000182/01-NN-000183,DR. CARLOS LANTIN COLLEGE (E/HS),DAT,"#16 Tandang Sora Ave.,","Sangandaan,Novaliches, Quezon City", , ,
01-NN-000454,MATER CARMELI SCHOOL OF QC (E),DAT,# 290 D. Tuazon Avenue,Quezon City,CICM,,
01-NN-000222,FRANCISCO SCHOOL,DAT,"Cor. Pascual St.,","Baesa, Quezon City", , ,
01-NN-000263,GRACE FLOUS SCH.-COMMONWEALTH(main),DAT,"103 Katuparan St.,","Brgy. Commonwealth, Quezon City", , ,
01-NN-000773,TAKE THE NATION FOR JESUS X'TIAN ACAD.,DAT,"(Formerly Corpuz Christi)Arcegas Bldg.,","Aurora Blvd., Cubao, Quezon City", , ,
01-NN-000112,CHRIST THE KING PAROCHIAL SCH.,DAT,"#4 Bansalan St.,","Veterans Vill., Project 7, Quezon City", ,,
01-NN-000751,STA. MONICA LEARNING CENTER,DAT,"L10 B12, Ph-IV,Palmera Homes","Brgy. Sta. Monica, Novaliches, QC", , ,
01-NN-000778,THE ELIZABETHAN SCHOOL,DAT,"18 Siapno Bldd., Mindanao Ave.,","Tandang Sora, Quezon City", , ,
01-NN-000800,TWO HEARTS LEARNING CENTER OF Q.C.,DAT,"25 Jasmin St.,","Roxas District, Quezon City", , ,
01-NN-000149,CRIB IDEAL SCHOOL,DAT,# 1 Road 21 cor. Road 18,"Project 8, Quezon City", , ,
01-NL-000055,LA IMMACULADA CONCEPCION SCH.,MAD,"E. Caruncho Ave.,","Malinao, Pasig City", , ,PAPRISA
01-NG-000027,INFANT JESUS ACADEMY (E/HS),MAD,"Russet Street, Rancho Estate IV,",Marikina City, , ,
01-NC-000013,COL. SAN AGUSTIN,MAD,"Palm Avenue, Dasmarinas Vill.",Makati City,,,
01-NF-000040/01-NF-000041,CHIANG KAI SHEK COLLEGE (E/HS),MAD,#1274  P. Algue Street,"Tondo, Manila", , ,
01-NG-000042,MARANATHA CHRISTIAN ACAD.-MARIKINA,MAD,1st Street Paliparan,"Sto. Nino, Marikina City", , ,
01-NH-000079/01-NH-000080,SAN BEDA COLLEGE (E/HS)-MUNTINLUPA,MAD,(Frmly: St. Benedict College),"Alabang Hills Vill., Muntinlupa City",, ,
01-NB-000128,ST. FRANCIS OF ASSISI COLLEGE,MAD,"Talon 3,","Admiral Village, Las Pinas City", , ,
01-NG-000095/01-NG-000096,ST. SCHOLASTICA'S ACADEMY (E/HS),MAD,"#29 West Drive, Marikina Heights",Marikina City,OSB,,
01-NA-000187/01-NA-000188,NOTRE DAME OF GREATER MANILA-E/HS,MAD,12th Avenue,"Grace Park, Kalookan City",OMI,,
01-NK-000059,ST. MARY'S ACADEMY (PE/E/HS)-PASAY,MAD,Burgos St. Brgy. 59,Pasay City,RVM,,
01-NE-000002/01-NE-000003,ALL WAYS TRADERS INC. (J.R.U.)-E/HS,MAD,(Formerly Jose Rizal Univ.),"Shaw Blvd., Mandaluyong City", ,,
01-DF-000580,UPPER VILLAGES CHRISTIAN ACADEMY,MAD,(Back of Brgy. Riverside),"385-1-1 Riverside,San Pedro, Laguna", , ,
01-DN-000365/01-DN-000366,ST. MATTHEW'S COLLEGE (E/HS),MAD,"Miguel Cristy St.,","Ampid, San Mateo, Rizal", , ,
01-NE-000059,SAN FELIPE NERI PAROCHIAL SCH,MAD,#85 A.T. Reyes Street,Mandaluyong City, ,Manila,MAPSA
01-NN-000497/01-NN-000850,N.C.B.A. - FAIRVIEW (E/HS),MAD,"Regalado Ave.,","Commonwealth, Fairview Quezon City", , ,
01-NL-000075,MOTHER GOOSE PLAYSKOOL,MAD,"58 San Rafael St.,","Brgy. Kapitolyo, Pasig City", , ,
01-NN-000165/01-NN-000166,DILIMAN PREPARATORY SCHOOL (E/HS),MAD,"Commonwealth Avenue,","Diliman, Quezon City", , ,
01-DN-000157/01-DN-000158,JUAN SUMULONG JR. MEMORIAL COLL- E/HS (MAIN),MAD,"D. Espiritu St.,","Taytay, Rizal", , ,RIPRISA
01-NJ-000061/01-NJ-000062,ST. ANDREW SCHOOL (E/HS),MAD,"Quirino Ave.,","La Huerta, Paranaque City", ,PARAÑAQUE,MAPSA
01-DD-000868,WOODRIDGE SCHOOL,MAD,"Soldier Hills IV, Molino,","Bacoor, Cavite", , ,
01-NN-000608/01-NN-000609,SACRED HEART ACADEMY (E/HS),MAD,"#1155 Quirino Highway,","Zabarte Rd.,Novaliches, Q.C.", , ,
01-NN-000662,ST. AUGUSTINE INT'L SCHOOL (E/H),MAD,"(AMA Computer Coll.)Maximina St.,","Villa Arca Subd.,Proj. 8, Q.C.", , ,
01-NK-000056/01-NK-000057,SAN ISIDRO CATHOLIC SCHOOL,MAD,"1830 Taft Ave.,",Pasay City, ,Manila,MAPSA
01-NC-000048,MAKATI HOPE CHRISTIAN SCHOOL,MAD,"2312 Don Chino Roces Ext.,",Makati City, , ,
01-DD-000734,ST. JEROME EMILIANI INSTITUTE,MAD,"Bahayang Pag-asa, Molino","Bacoor, Cavite",,,
01-NL-000122/01-NL-000123,STO. TOMAS DE VILLANUEVA (E/HS),MAD,"Evangelista St.,","Santolan, Pasig City", ,Pasig,MAPSA
01-NJ-000160,IMM. HEART OF MARY SCH. (E/HS)-P'QUE,MAD,"St. Dominic Savio St.,","Better Living Subd., Paranaque City",SFSC, ,
01-NN-000758,STO. NINO DE NOVA SCHOOL,MAD,# 36 Buenamar Subdivision,"Novaliches, Quezon City", , ,
01-DN-000232,N.C.B.A. - TAYTAY (E/HS)*,MAD,Barangay San Juan ,"Taytay, Rizal", , ,RIPRISA
01-NK-000023,PHIL. PASAY CHUNG HUA ACADEMY,MAD,"2269 Juan Luna St., Pasay City","2269 Juan Luna St., Pasay City", , ,
01-NK-000047,BLESSED ELENA ACADEMY (E/HS),MAD,"146 Villaruel St., Pasay City","146 Villaruel St., Pasay City",OSS,,
01-NN-000495/01-NN-000496,N.C.B.A. - CUBAO (E/HS),MAD,"Aurora Blvd.,","Cubao, Quezon City", , ,
01-NK-000028,SAN JUAN NEPOMUCENO SCHOOL,MAD,"P. Santos St.,","Malibay, Pasay City",RA,,
01-NC-000026,GUADALUPE CATHOLIC SCHOOL-E/HS,MAD,1923 Orense St.,"Guadalupe Nuevo, Makati City", ,Manila,MAPSA
01-DN-000385,SUMULONG MEMORIAL H.S.-ANTIPOLO,MAD,"Gen. Luna St.,","Gen. Luna St., Antipolo City", , ,RIPRISA
01-NN-000211,FEU-FERN COLLEGE (E/HS),MAD,"Sampaguita St., Mapayapa Village","Diliman, Quezon City", , ,
01-NN-000341,JESUS CHRIST SAVE X'TIAN ACAD.(JCSGO),MAD,"#156 15th Ave.,","Cubao, Quezon City", , ,
01-NL-000108,ST. GABRIEL INTERNATIONAL SCHOOL,MAD,"St. Paul Cmpd Lane,","Sandoval Ave., Pasig City", , ,PAPRISA
01-NF-000119,HOPE CHRISTIAN HIGH SCHOOL (HS),MAD,"1242 Benavidez St.,","Sta. Cruz, Manila", , ,
01-NF-000117/01-NF-000118,HOPE CHRISTIAN HIGH SCHOOL (PE/E),MAD,"# 1242 Benavidez St.,","Sta. Cruz, Manila", , ,
01-NN-000699/01-NN-000700,ST. JOSEPH CATHOLIC SCHOOL (E/HS),MAD,"36 Molave St., Project 3",Quezon City, ,CUBAO,MAPSA
01-NJ-000052/01-NJ-000053,RAMON PASCUAL INSTITUTE (HS),MAD,"Dr. Santos Ave.,","Sucat, Paranaque City", , ,
01-NL-000078,NINO JESUS HOUSE OF STUDIES,MAD,1433 Mercedes Ave.,"San Miguel, Pasig City", , ,
01-NL-000115,STA. MARTHA EDUCATIONAL CENTER,MAD,Dolmar Subdivision,"Kalawaan Sur, Pasig City", , ,
01-NF-000292,ST. FRANCIS SCHOOL-STA. ANA,MAD,New Panaderos Street,"Sta. Ana, Manila",OFM,,
01-NL-000001,ACADEMIA DE STA. MARTHA,MAD,"79 N. Nueva St.,","Kalawan, Pasig City", , ,
01-DN-000025,ANGONO PRIVATE HIGH SCHOOL,MAD,"Aurora St.,","Angono, Rizal", , ,
01-DD-000899,FAR EASTERN COLLEGE-SILANG,MAD,"Metrogate Silang Estate,","Silang, Cavite", , ,
01-NK-000020/01-NK-000021,PASAY CITY ACADEMY (E/HS),MAD,(Formerly: Pasay City Academy),"2059 Donada St., Pasay City", , ,
01-NF-000360,CARDINAL SIN LEARNING CENTER,MAD,(frmrly:Cardinal Sin L.C.)2361 J.Posadas,"St., Punta, Sta. Ana, Manila", ,Manila,MAPSA
01-NJ-000030,LYCEE D' REGIS MARIE SCHOOL,MAD,Sucat Rd.,"Sucat Rd., Paranaque City", , ,
01-NN-000164,DILIMAN PREPARATORY SCHOOL (ANNEX),MAD,"#1 Don Raymundo St.,","San Agustin Village, Novaliches, Q.C.", , ,
01-NK-000005/01-NK-000006,GIDEON ACADEMY (E/HS),MAD,"2683 F.B. Harrison, Pasay City","2683 F.B. Harrison, Pasay City", , ,
01-NK-000042,ST. THERESE OF THE CHILD OF HOLY FACE,MAD,"(St. Therese Par. Sch.) Manlunas St.,","Villamor Air Base, Pasay City", , ,
01-NJ-000035/01-NJ-000036,MARYMOUNT SCHOOL (E/HS),MAD,"J. Villaroman St., Classic Home Village,","BF Homes, Paranaque City", , ,
01-NN-000672,ST. CLAIRE SCHOOL - WEST,MAD,(frmrly:St. Claire Sch-West),"#26  Masbate St. West Avenue, Q.C", , ,
01-DN-000413,GOLDEN SUNBEAM CHRISTIAN SCHOOL,MAD,"National Road,","Dalig, Antipolo City", , ,
01-NF-000222,OUR LADY OF FATIMA PAROCHIAL EDUC'L CTR.,MAD,"Lubiran St., Bacood,","Sta. Mesa, Manila", ,Manila,MAPSA
01-DD-000512,MARY HELP OF CHRISTIAN MONTESSORI,MAD,San Lorenzo Heights Subd. Zone I-A,"Dasmarinas, Cavite(near Rex Dasma)", , ,DAP
01-NN-000371,"KOSTKA SCHOOL, INC.(1ST MAIN BRANCH)",MAD,"Katipunan Ave.,","Loyola Heights, Quezon City", , ,
01-NK-000058,DOMINI ANGELICUS INTEGRATED SCHOOL,MAD,"36 C. Jose St.,","Malibay, Pasay City", , ,
01-NK-000044,GRACE CHRISTIAN COMM. SCH.-PASAY,MAD,"754 Bitales St.,","Malibay, Pasay City", , ,
01-DN-000159/01-DN-000160,JUAN SUMULONG JR. MEMORIAL COLL- E/HS (BRANCH),MAD,"Aurora St.,","Aurora St., Angono, Rizal", , ,RIPRISA
01-NN-000402,LITTLE MERRY HEARTS MONT. SCH.,MAD,"Palm St., Greenfield I","Novaliches, Quezon City", , ,
01-NN-000264,GRACE FLOUS SCH.-PASONG TAMO (branch),MAD,"#87 Ilang-Ilang St.,","Pasong Tamo, Quezon City", , ,
01-NL-000113,ST. ROSE ACADEMY,MAD,"8-E Pres. Magsaysay cor Pres. Roxas,","Life Homes Subd., Rosario, Pasig City", , ,
01-NK-000018,PASAY ALLIANCE CHRISTIAN SCH.,MAD,#533 Cementina Street,"Libertad Ext., Pasay City", , ,
01-NK-000012,ST. MARY OF THE STEPS SCHOOL,MAD,(Fmrly St. Mary of the Steps School),"#775 Apelo Cruz St., Malibay, Pasay", , ,
01-NG-000106,"KOSTKA SCHOOL, INC.-MARIKINA",MAD,"138 Gen Ordonez St.,","Marikina Heights, Marikina City", , ,
01-NL-000120,STO. NINO PAROCHIAL SCHOOL,MAD,"Brussels St., Pasig Green Park Village,","Mangahan, Pasig City", ,Pasig,MAPSA
01-NL-000129,VILLA ALEGRE BIBLE BAPTIST X'TIAN(VABBC),MAD,"8412 Sandoval Ave.,","Pinagbuhatan, Pasig City", , ,
01-NL-000058,LIBERTY BAPTIST ACADEMY (E/HS),MAD,"271 Sebastiana Lane, Concepcion St.,","San Joaquin, Pasig City", , ,
01-NL-000128,VICTORY CHRISTIAN SCHOOL,MAD,"339 Robinson Circle,","Capt.Henry Javier Drive, Pasig City", , ,
01-NL-000068,MARANATHA CHRISTIAN ACADEMY,MAD,"16-G Raymundo St.,","Malinao, Pasig City", , ,
01-DN-000476,PENCILS AND CRAYONS INTEGRATED SCHOOL,MAD,"S. Pedracio St., Brgy. Dalig",Antipolo City, , ,
01-CG-000190,"LOURDES SCHOOL - LUBAO, PAMPANGA",MAD,c/o Book Center - San Roque,"Dau II, Lubao, Pampanga", , ,
01-NL-000135,CARING JESUS GAWAD KALINGA ELEM. SCH.,MAD,"36 Meralco Ave.,","San Antonio, Pasig City",,,
01-NN-000894,DREAMLIGHT SCHOOL DE NOVALICHES,MAD,#5 Trinidad Ave. San Antonio Subd.,"Damong Maliit, Quezon City",,,
01-NL-000148,TMA HOME SCHOOL,MAD,"2nd Flr. Fun ranch Fontera Verde,","Ortigas Ave.Brgy.Ugong, Pasig City",,,
01-NK-000022,PASAY PRE-SCHOOLER,MAD,"#54-H Don Carlos Revilla St.,","Tramo, Pasay City", , ,
01-NN-000839,LORD OF GRACE CHRISTIAN SCHOOL,MAD,"# 30 Diamond St., East Fairview",Quezon City, , ,
01-NC-000093,HOLY TOWN TUTORIAL & LEARNING CENTER,MAD,"7058 Mabolo St., Comembo",Makati City,,,
01-NK-000007,GOLDEN TREASURE BAPTIST ACADEMY,MAD,,, , ,
01-NC-000058,OUR LADY OF GUADALUPE MINOR SEMINARY,MAD,Bernardino Street Cor. Edsa,"Guadalupe, Makati City", ,Manila,MAPSA
01-NK-000065,PHILIPPINE AIRFORCE DAY CARE CENTER,MAD,,, , , 
01-NK-000062,DIVINE CHILD LEARNING CENTER,MAD,B-18 L-33 Kalayaan Village Near Merville,Pasay City, , ,
01-NN-000378,LEARN AND PLAY PRE-SCHOOL,MAD,"#92 New York St.,","cor Oxford St., Cubao, Quezon City", ,,
01-NN-000037,BALARA ACADEMY,MAD,"Balara,","Commonwealth, Quezon City", , ,
01-NL-000102,SANCTI ANGELI LEARNING CENTER,MAD," #4 Sta. Rosa de Lima St.,","Bagong Ilog, Pasig City", , ,
01-NN-000875,LA LOMA BAPTIST CHRISTIAN ACADEMY,MAD,"#133 Isarog St., La Loma",Quezon City,,,
01-NK-000033,STA. CLARA PAROCHIAL SCHOOL,MAD,# 2360 P. Burgos Street,Pasay City,,Manila,MAPSA
01-NL-000056,LADY OF ROSES SCHOOL,MAD,"(Queenship of Mary)105 Ave., cor 155 ave","Soldier Vill.,Sta. Lucia, Pasig City", , , 
01-NA-000160,MARANATHA CHRISTIAN SCH. OF KALOOKAN,MAD,"Jasmin St., Area-A,","Libis, Camarin, Kalookan City", , , 
01-NF-000301/01-NF-000302,ST. JUDE CATHOLIC SCHOOL (E/HS),ORT,327 Ycaza St.,"Ycaza St., San Miguel, Manila",SVD,,
01-NP-000125,STO. NINO CATHOLIC SCHOOL,ORT,"Sampaloc St., Zone I,","Signal Village, Taguig, Metro Manila", ,Pasig,MAPSA
01-NP-000085,MT. MORIAH CHRISTIAN ACADEMY,ORT,"285 St. Martin Ave.,Mahogany Rd.,","Bagumbayan, Taguig, Metro Manila", , ,APSA - TAPAT
01-NP-000023/01-NP-000024,COL. DE STA. ANA (E/HS),ORT,(Formerly Sta. Ana Par. Sch.) Sta. Ana,"Tipas, Taguig, Metro Manila", ,Pasig,MAPSA
01-NN-000255,GOOD SHEPHERED CATHEDRAL ACAD.-FAIRVIEW,ORT,"Omega Ave., cor. Redo St.,","Fairview, Quezon City", ,Novaliches,MAPSA
01-NN-000318,INFANT JESUS LEARNING ACADEMY,ORT,"#70 Mendoza St.,","Paltok, Frisco, Quezon City", , ,
01-NF-000314/01-NF-000315,ST. PETER THE APOSTLE SCH. (E/HS),ORT,1260 Quirino Avenue,"Paco, Manila", ,Manila,MAPSA
01-NN-000752,STARLAND KIDDIE SCHOOL,ORT,"172 C. Kamias Road Ext.,","Sikatuna Village, Kamias, Q.C.", , ,
01-NP-000002,ACADEMIA DE SAN BARTOLOME DE TAGUIG,ORT,"M. Santos St.,","Tuktukan, Taguig, Metro Manila", , ,
01-NN-000684,ST. FRANCIS XAVIER PAROCHIAL SCH.,ORT,"160 Champaca St., Maligaya Park Subd.,","Novaliches, Quezon City", ,Novaliches,MAPSA
01-NN-000063,BLESSED SACRAMENT PAROCHIAL SCH.,ORT,"J.P. Ramoy St., Talipapa,","Novaliches, Quezon City", ,Novaliches,MAPSA
01-NM-000016,ST. GENEVEIVE SCHOOL-PATEROS,ORT,"540 M. Almeda St.,","Pateros, Metro Manila", , ,APSA - TAPAT
01-NP-000077,MGC NEW LIFE CHRISTIAN ACADEMY,ORT,"L-2 B-18,Univ. Park,Fort Bonifacio","Global City,Taguig City", , ,
01-NK-000031/01-NK-000032,SOUTHEASTERN COLLEGE (E/HS),ORT,College Road,"Taft, Pasay City", , ,PASAPRISA
01-NN-000435,MARRIOT SCHOOL,ORT,(formerly NFWC-COMMUNITY L.C.),"#49 Santiago St., SFDM, Quezon City", , ,
01-NF-000103,GYMNAZO CHRISTIAN ACADEMY,ORT,(Frmly:Christ for the World X'tian),"260 Zabala St., Tondo, Manila", , ,
01-NP-000007,ARMY'S ANGEL CHRISTIAN ACADEMY,ORT,"B-8 L-2 Yakal St. cor Narra Sts.,","Engineering Hills, Taguig, Metro Manila", , ,APSA - TAPAT
01-NP-000080,MONLIMAR DEVELOPMENT ACADEMY,ORT,"317 M.L. Quezon St.,","Lower Bicutan, Taguig City", , ,APSA - TAPAT
01-NP-000120,ST. THEODORE SCHOOL,ORT,"3 V.P. Cruz St.,","Lower Bicutan, Taguig City", , ,APSA - TAPAT
01-NN-000515,"NORTH YORK ALLIED INSTITUTE, INC.",ORT,"51 Congressional Ave.,","Proj. 8, Quezon City", , ,
01-NN-000226,GARDEN OF LIFE SCHOOL,ORT,"#74 Sto. Nino St.,","Brgy. Holy Spirit, Quezon City", , ,
01-NF-000225,P.N.U.-CTL PRIMARY DEPARTMENT,ORT,Taft Ave. Cor. Ayala Blvd.,"Taft Ave., Manila", , ,
01-NF-000328/01-NF-000329,STA. CATALINA COLLEGE  (E/HS),ORT,"Legarda,","Sampaloc, Manila",OP-SIENA,,
01-NK-000060,PHIL. PASAY CHUNG HUA SCHOOL (P/E),ORT,"186 Tupas St.,",Pasay City, , ,
01-NP-000041,FTJCA CHRISTIAN ACADEMY,ORT,"#11 Luzon St., Zone 6,","Signal Village, Taguig, Metro Manila", , ,
01-NN-000007,ACELINA MONTESSORI SCHOOL,ORT,"23 Pantabangan St., Napacor Village,","Tandang Sora, Quezon City", , ,
01-NN-000301,HOPE CHRISTIAN ACAD.-EDSA,ORT,1103 Edsa across SM City Annex,"Project 7, Quezon City", , ,
01-NK-000053,THE TREEHOUSE CHILD DEV'T LRNG. CTR.,ORT,"314-A Central Park I,","D. Jorge St., Evangelista, Makati City", , ,
01-NF-000239,PHIL. ACADEMY OF SAKYA (E/HS),ORT,"Bambang,","Masangkay St., Binondo, Manila", , ,
01-NP-000015,BICUTAN PAROCHIAL SCHOOL,ORT,"Quezon St., Lower Bicutan","Lower Bicutan,Taguig, M.M.", ,Pasig,MAPSA
01-NP-000090,OUR MOTHER OF PERPETUAL HELP SCHOOL,ORT,"19 Sambong St.,","Western Bicutan, Taguig, M.M.", , ,
01-NN-000624,SCH. OF ST. LA SALLE,ORT,"Blk 18 lot 29, Olynmpus St., North","Olympus Subd., Zabarte Rd., Nova. Q.C.", , ,
01-NP-000032,E.P. VILLE INTEGRATED ACADEMY,ORT,"B-19 L-11, E.P. Village,","Western Bicutan, Tagig, M.M.", , ,APSA - TAPAT
01-NP-000131,TIPAS CATHOLIC SCHOOL,ORT,(Dambanang Kawayan Child L.C.),"Ligid St., Tipas, Taguig, M.M.", ,Pasig,MAPSA
01-NN-000067,BLOOMRIDGE INTEGRATED SCHOOL,ORT,"248 Gen. Luis St.,","Novaliches, Quezon City", , ,
01-NN-000576,PRAISE EMERALD INTERNATIONAL SCHOOL,ORT,"(Praise Rotary L.C.) Pilot Drive,","NGCHP,Brgy. Commonwealth Ave., Q.C.", , ,
01-NN-000179,DON FABIAN SCHOOL OF Q.C.,ORT,"#61 Sto. Nino St.,","Commonwealth, Q.C.", , ,
01-NN-000265,GRACE HOPE LEARNING SCHOOL,ORT,"17 Kappa St., R.T. Gonzales Village,","San Bartolome, Nova., Q. C.", , ,
01-NF-000297,ST. JOHN THE BAPTIST ACAD. OF MANILA,ORT,"725 Bulacan St.,","Gagalangin, Tondo, Manila", , ,APSA - TAPAT
01-NP-000107,SPARK KIDS LEARNING CENTER,ORT,frmrly: SPARK KIDS LEARNING CENTER,"4th St. GHQ Signal Vill, Taguig City", , ,APSA - TAPAT
01-NN-000757,STO. DOMINGO ACADEMY (E/H),ORT,"Brgy. Holy Spirit,",Quezon City, , ,
01-NN-000560,PEOPLE OF GRACE CHRISTIAN SCHOOL,ORT,,"#58 Kamuning Rd., Quezon City", , ,
01-NN-000225,G.B. LEONARDI SCHOOL,ORT,"# 28 A. Pansol Road, Brgy. Pansol","Diliman, Quezon City",SMdC, ,
01-NN-000217,FLORE DEL CARMEN SCHOOL,ORT,"#6 Dona Lucia St., Dona Carmen Subd.,","Fairview, Quezon City", , ,
01-NN-000253,GOOD SAMARITAN LEARNING CENTER,ORT,"#3 Francisco St., Vicmarie Cpd","Quirino Hiway, Baesa, Nova., Q.C.", , ,
01-NN-000231,GIDEON SCHOOL OF Q.C.,ORT,"47 Veterans Ave.,Brgy. Holy Spirit,","Don Antonio Hgts., Q.C.", , ,
01-NN-000292,HOLY FAMILY PAROCHIAL SCHOOL,ORT,"Lilac cor Madresilva Sts.,","Roxas District, Quezon City", ,CUBAO,MAPSA
01-NP-000021,CHRISTIAN LIGHT ACADEMY,ORT,"#28 Sambong St., Western Bicutan","Taguig, Metro Manila", , ,APSA - TAPAT
01-NP-000114,ST. IVES SCHOOL,ORT,"408 Severina Subd., Bagong Bayan,","Taguig, Metro Manila", , ,APSA - TAPAT
01-NP-000091,PHIL. ARMY OFFICER'S LADIES FDT.,ORT,"Bayani Rd., Fort Bonifacio","Taguig, Metro Manila", , ,APSA - TAPAT
01-NP-000082,MOREH ACADEMY,ORT,"L-31 B-52 Purok 2, A Bonifacio Ave.,","Ricahuerta St., UpperBicutan,Tagig,MM", , ,APSA - TAPAT
01-NP-000102,SBP CHILD LEARNING ADVANCEMENT SCH.,ORT,"#74 3rd St., Z-IC, GHQ Village,","Signal, Taguig, M.M.", , ,APSA - TAPAT
01-NP-000070,LITTLE FRIENDS OF ST. MARY,ORT,"315 Cabao St.,","Ligid Tipas, Taguig, Metro Manila", , ,APSA - TAPAT
01-NP-000028,D' CARMELITE MONTESSORI SCHOOL,ORT,"B-2 L-10 Phase I, EP Housing,","Western Bicutan, Taguig, Metro Manila", , ,APSA - TAPAT
01-NF-000192,METROPOLITAN INT'L CHRISTIAN ACADEMY,ORT,(Bible Baptist Educ. Inst.),"2330 Revellin St., Sta. Ana, Manila", , ,
01-NP-000143,BLESSED LAND ACADEMY OF TAGUIG,ORT,,, , ,APSA - TAPAT
01-NP-000037,FAIRYLAND KINDERGARTEN & GRADE SCHOOL,ORT,"#10 Dahlia St., Tomasa Subd.,","Ususan, Taguig, Metro Manila", , ,
01-NP-000130,THY COVENANT MONTESSORI SCH. (MULTIPLE INTELLIGENCE MONTESSORI SCH.),ORT,"(Multiple Intellegence)28 V. Lucban St.,","AFPOVAI,Fort Bonifacio, Taguig City", , ,
01-NF-000178/01-NF-000179,MANILA PATRIOTIC SCHOOL (E/HS),ORT,"# 711 T. Mapua St.,","Sta. Cruz, Manila", , ,
01-NN-000477,MORNING STAR ACADEMY,ORT,Group I Area B Molave Street,"Brgy. Payatas, Quezon City", , ,
01-NP-000029,D.F. TINKER BELL SCHOOL,ORT,"72 Gen. Espino St., Zone 4,","Signal Village, Taguig, Metro Manila", , ,
01-NP-000119,ST. PATRICIA FOUNDATION SCH.,ORT,"SSB Village, (AFP Housing)","Western Bicutan, Taguig, M.M.", , ,APSA - TAPAT
01-NN-000162,DILIMAN CHRISTIAN INSTITUTE,ORT,"#2 Feria Rd.,","Commonwealth Ave., Diliman, Q.C.", , ,
01-NN-000073,BREAMAR CHRISTIAN ACADEMY,ORT,"#61 B. Serrano,","Brgy. B.L. Crame, Quezon City", , ,
01-NN-000259,GOSPEL LIGHT CHRISTIAN ACADEMY,ORT,"23 Matahimik St., cor V. Luna Rd.,","Brgy Malaya, Diliman, Quezon City", , ,
01-NP-000014,BICUTAN CHRISTIAN OUTREACH SCHOOL,ORT,"294 M.L. Quezon St., Purok 4,","Lower Bicutan, Tagig, M.M.", , ,APSA - TAPAT
01-NK-000002,BETTY'S VERMILLION ACADEMY (E/H),ORT,"2447 Aurora St., Pasay City","2447 Aurora St., Pasay City", , ,PASAPRISA
01-NN-000494,MUSTARD MONTESSORI SCHOOL,ORT,"219 Military Rd., Area 6, Veterans","Village, Brgy. Holy Spirit., QC", , ,
01-NN-000673,ST. DOMINIC ACADEMY OF NOVA,ORT,"Banker Village I, Bagombong,","Novaliches, Quezon City", , ,
01-NF-000130,JASMINI SOCORRO TUTORIAL SCHOOL,ORT,858 Estrella Condominium,"San Andres St., Malate, Manila", , ,
01-NP-000089,OUR LADY OF THE POOR PARISH SCHOOL,ORT,"Sampaguita St.,","Western Bicutan, Tagig, M.M.", , ,
01-NN-000069,BLUE RIDGE CHRISTIAN ACADEMY,ORT,"549 Boni Serrano St.,","Murphy, Quezon City", , ,
01-NF-000078,"ERDA TECH FOUNDATION, INC.",ORT,,, , , 
01-NP-000036,EXCELLENT ACHIEVERS LEARNING CENTER,ORT,"#36 Quirino St., Zone 6,","Signal Village, Taguig, M.M.", , ,APSA - TAPAT
01-NF-000191,METROPOLITAN ACADEMY OF MANILA,ORT,22-24 Tejeron St.,"Sta. Ana, Manila", , ,
01-NN-000487,MSA WHIZKID ACADEMY,ORT,"(The Play Group L.C.) #17 Bituin St.,","Teresa Heights,Pasong Putik Nov., Q. C.", , ,
01-NP-000047,GOD'S GRACE CHRISTIAN ACADEMY,ORT,"B-12 L-43, Ph-II, EP Village,","Western Bicutan, Taguig City", , ,
01-NN-000127,COME TO JESUS CHRISTIAN ACADEMY,ORT,"B-45 L-36, Tatlong Hari St.,","Lagro, Novaliches Quezon City", , ,
01-NP-000147,AMAZING GRACE ACADEMY,ORT,"#109 Gutierrez Compound, Paso St.","Bagumbayan, Taguig", , ,
01-NP-000068,LEARN & EXPLORE MONTESSORI SCHOOL,ORT,"32 Gen. Espino St.cor Ballecer St.Zone6,","Signal Vill., Taguig City", , ,APSA - TAPAT
01-NN-000220,THREE QUEENS LEARNING CENTER,ORT,frmrly:FOUR A'S KIDDIE CENTER,"#50 Ubas St. Luzon Ave. Bgy Culiat, QC", , ,
01-NP-000140,VRICE MONTESSORI SCHOOL,ORT,"Virata St., Brgy. Calzada,","Tipas, Taguig City", , ,APSA - TAPAT
01-NA-000301,G.R.A.C.E. COLLEGE INC.,ORT,B26 L11-14 Doña Helen Subd. Camarin Rd.,Caloocan City, , ,
01-NN-000842,FOOTSTEPS LEARNING CENTER,ORT,"#81 Molave St.,","Project 3, Quezon City", , ,
01-NM-000013,SEP CHRISTIAN SCHOOL,ORT,"431 A.F. Imson St.,","Pateros, M.M. (b-4 Gonzales L.C.)", , ,APSA - TAPAT
01-NP-000043,GENTLE LAMB ACADEMY,ORT,"#9 St. Martin Ave., Mahogany","Homes, Bagumbayan, Taguig, MM", , ,APSA - TAPAT
01-NF-000023/01-NF-000024,BETHEL KNOX SCHOOL (E/HS),ORT,"960 Rizal Ave., cor Lope de Vega","Sta. Cruz, Manila", , ,
01-NP-000106,SOUTHVILLE WOODLAND SCHOOL,ORT,"Liwayway St., Sta. Ana",Taguig City, , ,APSA - TAPAT
01-NP-000136,ZINAH CHRISTIAN SCHOOL,ORT,"Rm 105-106 Diego Silang Village,","PNP Housing,BCDA,Ususan,Taguig, M.M.", , ,
01-NN-000570,THE PINNACLE ACADEMY OF Q.C.,ORT,"(Lead Acad.)L-19 B-73 cor Labaje St.,","North Fairview, Commonwealth Q.C.", , ,
01-NP-000132,TIPAS EASTERN ACADEMY,ORT,"215 F. Manalo St., Palingon,","Tipas, Taguig City", , ,APSA - TAPAT
01-NK-000061,LITTLE ANGELS AERO ACADEMY OF PASAY,ORT,18 E Apollo St. Aeroville,"NAIA, Pasay City", , ,
01-NP-000105,SOLID ROCK CHRISTIAN SCHOOL,ORT,"Gen. Valdez St.,","Upper Bicutan, Taguig, M.M.", , ,
01-NP-000139,NAZARITES FAITH ACADEMY,ORT,,, , ,
01-NP-000103,SDLj MONTESSORI SCHOOL,ORT,"314 St. Jude St., Holy Family Village,","Bagumbayan, Taguig City", , ,APSA - TAPAT
01-NN-000140,COVENANT OF GRACE SCHOOL,ORT,"#6 Pearl St.,","Fairview East, Quezon City", , ,
01-NP-000155,EVERY NATION LEADERSHIP INSTITUTE,ORT,"Every Nation Bldg., 32nd St.,cor","University Parkway, Fort Global City",,,
01-NN-000827,MARGARITA HILL KINDERGARTEN,ORT,,, , ,
01-NP-000141,TRINITY BAPTIST ACADEMY,ORT,,, , ,
01-NN-000868,ST. NICHOLAS ACADEMY,ORT,,, , ,
01-NN-000660,ST. ANTHONY OF PADUA SCHOOL (LITEX),ORT,(Frmly St. Anthony L.C.)-Litex,"107 Ecols St., Commonwealth Ave.,Q.C.", , ,
01-NF-000244,PHIL. INST. FOR THE DEAF-SEMFI,ORT,"Nagtahan Rd.,","Pandacan, Manila", , ,
01-NF-000376,THINKING KIDS LEARNING CENTER,ORT,,, , ,
01-NN-000423,MA. LENA BUHAY MEMORIAL FDT.,ORT,"25 Starline Rd., Blueridge B,","Libis, Quezon City", , ,
01-NK-000037,CHING CHAYTHO MEMORIAL PRE-SCH.,ORT,"186 Tupaz St.,",Pasay City, , ,
01-NF-000189,MESSIAH ANGEL LEARNING CENTER,ORT,"586 dela Fuente St.,","Sampaloc, Manila", , ,
01-NM-000020,ST. JOHN BOSCO INSTITUTE OF ARTS & SCI.,ORT,"506 M. Almeda St., Brgy. San Roque","Pateros, Metro Manila", , ,
01-NN-000464,MIRACLE OF MARY IMMACULATE,ORT,(Frmly: Lourdes Learning Center),"Retiro cor Apo Sts., La Loma, Q.C.", , ,
01-NN-000642,SMILE PLAY & LEARN,ORT,"S112 Smile Citihomes, Annex","Kaligayahan, Zabarte, Novaliches, Q.C.", , ,
01-NF-000260,R.I.C.C.-ESPERANZA LRNG. CTR.,ORT,"3647 Ramon Magsaysay Blvd.,","Sta. Mesa, Manila", , ,
01-NM-000004,GONZALES LEARNING CENTER,ORT,38 C. Almeda Street,"Pateros, Metro Manila", ,,APSA - TAPAT
01-NP-000144,ST. URIEL ACADEMY OF TAGUIG CITY,ORT,,, ,,
01-NF-000224,OUR LADY OF THE PILLAR LRNG. CTR.,ORT,"Sta. Cruz Church,","Sta. Cruz, Manila", , ,
01-NP-000026,COSMOS CHRISTIAN ACADEMY,ORT,,"Western Bicutan Tagig, Metro Manila", , ,
01-NN-000041,BALINGASA LEARNING CENTER-NFWC,ORT,"# 50 Balingasa St.,","Balintawak, Quezon City", , ,
01-NF-000380,REDEEMER'S COMMUNITY CHURCH LEARNING CTR,ORT,,, , ,
01-NF-000142,KINDERBRITE LEARNING & TUTORIAL CENTER,ORT,"153-B Balagtas St.,","Leveriza, Malate, Manila", , ,
01-NP-000113,ST. IGNATIUS OF LOYOLA SCHOOL-HS,ORT,"#10 Dahlia St., Tomasa Subd.,","Ususan, Taguig, Metro Manila", , ,APSA - TAPAT
01-NP-000148,PROSKUNEO CHRISTIAN SCHOOL,ORT,,, , ,
01-NN-000359,KATHERINE BLESS LEARNING CENTER,ORT,"Ground Floor, Benjamin Bldg","Zabarte Ave.,St. Jude, Nova. Q.C.", , ,
01-NF-000367,WARNER LEARNING CENTER,ORT,#3045 Abucay St.,"Manuguit, Tondo, Manila", , ,
01-NF-000066,DIVINE MERCY LEARNING CENTER,ORT,"#927 Ongpin St.,","Sta. Cruz, Manila", , ,
01-NP-000146,HYSSOP CHRISTIAN ACADEMY,ORT,,, , ,
01-NF-000352,BRIGHT & MIGHTY LOVING TYKES CREATIVE,ORT,"806 Oportunidad St.,","Binondo, Manila", , ,
01-NK-000046,YOUNG ACHIEVERS LEARNING CENTER,ORT,"2215 Tolentino St.,",Pasay City, , ,
01-NF-000011,ANGELS ARE WE SCHOOL,ORT,"499 Altura St.,","Sta. Mesa, Manila", , ,
01-NF-000150,LA MADRID LEARNING CENTER,ORT,(Formerly Infant Jesus),"1189 Madrid Ext., Tondo, Manila", , ,
01-NA-000020,BETTER CHILDREN LRNG. CENTER,ORT,"Phase 9-C Pkg. 2,","Bagong Silang, Kalookan City",,,
01-NN-000621,SCH. OF CORPUZ CHRISTI,ORT,"Atis Rd.,Palmera Home, Sta.",Monica(Ph-I Fairview)Nova.QC, , ,
01-NP-000145,"LITTLE THERESE LEARNING SCHOOL, INC.",ORT,12 A. Ricarte St. Phase IV AFPOVAI,"Western Bicutan, Taguig City", , ,
01-NK-000048,GREAT BEGINNINGS PRESCHOOL,ORT,"2701 P. Villanueva St., Pasay City","2701 P. Villanueva St., Pasay City",,,
01-NN-000396,LITTLE FLOWER LEARNING CENTER-FRISCO,ORT,"36 Morado St.,","Frisco, Quezon City", , ,
01-NF-000265,ROMA CHILD CARE DEV'T CENTER,ORT,,, , ,
01-NF-000044,CHOSEN GENERATION CHRISTIAN L.C.,ORT,"1515 A. Rivera St.,","Tondo, Manila", , ,
01-NF-000351,TRES MAESTRA LEARNING CENTER,ORT,"2801 Javier St., cor Pag-asa St.,","Gagalangin, Tondo, Manila", , ,
01-NN-000714,ST. MARY CLEOPHAS PRE-SCHOOL,ORT,"219 Military Rd., Area 6","Veterans Vill., Brgy. Holy Spirit,QC", , ,
01-NN-000824,YOUNG MINDS LEARNING CENTER,ORT,"86 Sct. Alcaraz St., cor","Palali St., Sta. Mesa Heights, Q.C.", , ,
01-NP-000149,BATAHAI CHILD CARE CENTER,ORT,,, , ,
01-NA-000023,BLESSED ANGEL DAY CARE CENTER,ORT,,,,,
01-NP-000126,STO. NINO SCH. OF LOWER BICUTAN,ORT,"B-157 L -14, Purok 6,","Lower Bicutan, Tagig, Metro Manila", , , 
01-NP-000123,STA. CECILIA LEARNING CENTER,ORT,"#9 Magsaysay Rd., Zone VI","Signal Vill., Tagig, M. M.", , , 
01-NP-000101,SALT AND LIGHT ACADEMY,ORT,"916 Holy Spirit St., Holy Family Village","Bagong Bayan, Tagig, Metro Manila", , , 
01-NP-000050,GRACE CHRISTIAN ACAD.-TAGIG,ORT,"Blk 12 Lot 43, Phase II, EPP Village,","Western Bicutan, Tagig, M.M.", , , 
01-NP-000048,GOOD SHEPHERED ACADEMY-TAGUIG,ORT,"B-46 Tangpus St., Purok 2,","Upper Bicutan, Taguig, Metro Manila", , , 
01-NP-000045,GLENDALE HEIGHT SCHOOL,ORT,"#5 Army Rd., Zone 4,","Signal Village, Taguig Metro Manila", , , 
01-NP-000039,FOUNTAIN OF LIFE CHRISTIAN ACAD.,ORT,"(Foundation of Life) 64 Champaga St.,","Wester Bicutan, Taguig M.M.", , , 
01-NP-000020,CHRIST FOR THE WORLD CHRISTIAN ACAD.,ORT,CFTW Compound beside Cruz Compound,"Bagumbayan, Taguig, Metro Manila", , , 
01-NP-000019,CHRIST CENTERED ACADEMY,ORT,"12-13 Ground Floor, Tenement,","Western Bicutan, Tagig, Metro Manila", , , 
01-NP-000001,ACADEMIA DE MAHARLIKA,ORT,"1520 Golden Star Bldg.,","Maharlika, Taguig, Metro Manila", , , 
01-NN-000656,ST. ANTHONY DE PADUA SCHOOL,ORT,"#129 Senotorial Rd., Sitio VI","Batasan Hills, Q.C.", , , 
01-NN-000152,CZECET LEARNING CENTER - PROJ.8,ORT,"5-E Paul St., Remierville","Road 20, Project 8, Quezon City", , , 
01-NN-000109,CHIMES LEARNING CENTER,ORT,37-B C. Aguinaldo Street,"Project 4, Quezon City", , , 
01-NF-000354,U.P. MANILA CRECHE CHILD CENTER,ORT,"P.G.H. Compound,(side of Chapel)","Taft Ave., Manila", , , 
01-NF-000290,ST. DOMINIC MONT. DE MANILA,ORT,"545 Vicente del Fierro St.,","Gagalangin, Tondo, Manila", , , 
01-NF-000255,PRES. SERGIO OSMENA HIGH SCHOOL,ORT,"Bulacan St.,","Tondo, Manila", , , 
01-NF-000231,PACO LEARNING CENTER,ORT,"1658 E. Zamora St.,","Paco, Manila", , , 
01-NF-000164,LORENZO RUIZ ACADEMY (E/HS),ORT,,"Ongpin St., Binondo, Manila", , , 
01-NF-000028,C.I.T. COLLEGE,ORT,"Quezon Blvd.,","P. Parada St., Sampaloc Manila", , , 
01-NF-000014,ARELLANO UNIVERSITY (E/HS),ORT,Legarda Street,"Sampaloc, Manila", , , 
